Customer_ID,Age,Gender,City,Signup_Date,Product_Category,Order_ID,Order_Date,Quantity,Price,Discount,Revenue,Payment_Method,Customer_Segment,Churn
1001,56,Male,Hyderabad,2023-01-01,Electronics,5001,2023-06-01,3,3794,22,8130,Card,High,1
1002,46,Male,Hyderabad,2023-01-02,Electronics,5002,2023-06-02,3,2257,16,7828,Card,Medium,1
1003,32,Female,Mumbai,2023-01-03,Clothing,5003,2023-06-03,1,1616,7,9362,Card,High,1
1004,25,Female,Hyderabad,2023-01-04,Sports,5004,2023-06-04,1,3067,18,9844,UPI,Medium,1
1005,38,Male,Bangalore,2023-01-05,Sports,5005,2023-06-05,4,3999,19,7331,Cash,High,1
1006,56,Female,Mumbai,2023-01-06,Electronics,5006,2023-06-06,3,992,14,4512,Cash,High,0
1007,36,Male,Chennai,2023-01-07,Electronics,5007,2023-06-07,2,3806,8,2499,Card,Medium,0
1008,40,Male,Mumbai,2023-01-08,Clothing,5008,2023-06-08,2,1119,19,3158,UPI,High,0
1009,28,Male,Bangalore,2023-01-09,Clothing,5009,2023-06-09,2,3732,9,6162,Card,Low,1
1010,28,Male,Bangalore,2023-01-10,Clothing,5010,2023-06-10,1,4323,11,5039,Cash,High,1
1011,41,Female,Mumbai,2023-01-11,Sports,5011,2023-06-11,2,2880,20,3035,UPI,High,0
1012,53,Female,Mumbai,2023-01-12,Sports,5012,2023-06-12,1,2046,22,8977,Cash,Low,1
1013,57,Female,Hyderabad,2023-01-13,Sports,5013,2023-06-13,1,4063,19,1857,Cash,Medium,1
1014,41,Male,Bangalore,2023-01-14,Electronics,5014,2023-06-14,4,2105,29,4823,UPI,Low,1
1015,20,Male,Mumbai,2023-01-15,Sports,5015,2023-06-15,2,4252,0,7770,UPI,High,0
1016,39,Male,Mumbai,2023-01-16,Home,5016,2023-06-16,2,2390,24,1298,Card,Medium,0
1017,19,Female,Bangalore,2023-01-17,Home,5017,2023-06-17,3,1775,19,8244,Card,High,0
1018,41,Male,Mumbai,2023-01-18,Clothing,5018,2023-06-18,4,3243,8,1923,Cash,High,0
1019,47,Female,Hyderabad,2023-01-19,Sports,5019,2023-06-19,3,2993,21,5232,UPI,Low,0
1020,55,Female,Bangalore,2023-01-20,Home,5020,2023-06-20,4,856,14,5306,UPI,Low,1
1021,19,Female,Hyderabad,2023-01-21,Clothing,5021,2023-06-21,2,1369,0,3799,Card,Medium,1
1022,38,Female,Hyderabad,2023-01-22,Sports,5022,2023-06-22,1,1385,11,7578,Cash,Medium,1
1023,50,Female,Hyderabad,2023-01-23,Electronics,5023,2023-06-23,1,2501,2,5875,Cash,Medium,1
1024,29,Female,Hyderabad,2023-01-24,Home,5024,2023-06-24,1,1783,10,6326,Card,High,0
1025,39,Male,Bangalore,2023-01-25,Electronics,5025,2023-06-25,1,1119,1,7582,UPI,Low,0
1026,42,Male,Hyderabad,2023-01-26,Sports,5026,2023-06-26,1,1382,15,2802,Card,Low,1
1027,44,Female,Hyderabad,2023-01-27,Home,5027,2023-06-27,3,1296,8,3657,Card,Low,0
1028,59,Female,Mumbai,2023-01-28,Sports,5028,2023-06-28,4,4142,14,4346,Card,Medium,1
1029,45,Male,Bangalore,2023-01-29,Electronics,5029,2023-06-29,2,3925,11,3949,Card,Low,1
1030,33,Female,Bangalore,2023-01-30,Home,5030,2023-06-30,3,1796,0,1941,UPI,Low,1
1031,32,Female,Chennai,2023-01-31,Electronics,5031,2023-07-01,4,744,12,2907,Card,Low,1
1032,20,Male,Bangalore,2023-02-01,Sports,5032,2023-07-02,1,3395,13,5837,UPI,Medium,0
1033,54,Female,Bangalore,2023-02-02,Sports,5033,2023-07-03,4,1429,24,9105,Card,Low,1
1034,24,Female,Chennai,2023-02-03,Electronics,5034,2023-07-04,4,1019,24,2243,Cash,Medium,0
1035,38,Female,Bangalore,2023-02-04,Home,5035,2023-07-05,1,3712,7,6696,UPI,Low,1
1036,26,Male,Bangalore,2023-02-05,Electronics,5036,2023-07-06,1,2909,7,2466,Cash,Low,1
1037,56,Male,Bangalore,2023-02-06,Sports,5037,2023-07-07,1,507,26,4957,Card,Low,1
1038,35,Male,Bangalore,2023-02-07,Electronics,5038,2023-07-08,2,3025,29,2966,Card,Medium,1
1039,21,Female,Chennai,2023-02-08,Sports,5039,2023-07-09,1,3923,11,1375,Card,Medium,0
1040,42,Female,Bangalore,2023-02-09,Electronics,5040,2023-07-10,2,2519,0,1262,UPI,Low,1
1041,31,Male,Bangalore,2023-02-10,Home,5041,2023-07-11,1,4782,10,5362,Cash,High,0
1042,26,Female,Chennai,2023-02-11,Home,5042,2023-07-12,2,4167,7,7502,UPI,Medium,1
1043,43,Female,Mumbai,2023-02-12,Electronics,5043,2023-07-13,4,4171,9,8833,UPI,Medium,1
1044,19,Female,Hyderabad,2023-02-13,Electronics,5044,2023-07-14,3,3301,29,2893,Card,Low,1
1045,37,Female,Mumbai,2023-02-14,Home,5045,2023-07-15,4,585,18,9106,Cash,High,0
1046,45,Female,Chennai,2023-02-15,Sports,5046,2023-07-16,4,3615,10,2652,Card,Low,1
1047,24,Male,Hyderabad,2023-02-16,Home,5047,2023-07-17,1,4732,6,6540,UPI,Medium,1
1048,25,Female,Chennai,2023-02-17,Sports,5048,2023-07-18,2,2968,10,4892,Card,Medium,1
1049,52,Male,Chennai,2023-02-18,Electronics,5049,2023-07-19,3,4119,16,1599,Cash,Low,1
1050,31,Female,Bangalore,2023-02-19,Electronics,5050,2023-07-20,1,2136,0,5815,Card,Low,1
1051,34,Male,Hyderabad,2023-02-20,Sports,5051,2023-07-21,1,4083,25,2912,Cash,High,0
1052,53,Female,Bangalore,2023-02-21,Electronics,5052,2023-07-22,1,4509,28,9792,Cash,High,0
1053,57,Male,Hyderabad,2023-02-22,Sports,5053,2023-07-23,4,3826,20,9572,Card,Medium,1
1054,21,Female,Chennai,2023-02-23,Clothing,5054,2023-07-24,2,2718,20,5213,UPI,High,1
1055,19,Male,Chennai,2023-02-24,Home,5055,2023-07-25,2,2717,7,4637,Card,High,0
1056,23,Female,Mumbai,2023-02-25,Clothing,5056,2023-07-26,3,2869,22,6599,UPI,Medium,1
1057,59,Male,Hyderabad,2023-02-26,Sports,5057,2023-07-27,2,4138,23,7448,UPI,Medium,0
1058,21,Female,Bangalore,2023-02-27,Home,5058,2023-07-28,2,3003,5,9557,Card,Medium,1
1059,46,Male,Mumbai,2023-02-28,Sports,5059,2023-07-29,1,1443,21,8382,UPI,Medium,1
1060,35,Male,Mumbai,2023-03-01,Home,5060,2023-07-30,1,3337,17,9982,UPI,Low,0
1061,43,Female,Mumbai,2023-03-02,Home,5061,2023-07-31,4,3160,5,4569,Card,Medium,1
1062,51,Female,Bangalore,2023-03-03,Home,5062,2023-08-01,1,3436,4,8707,Card,Medium,0
1063,27,Male,Mumbai,2023-03-04,Home,5063,2023-08-02,1,4944,12,1746,Card,Medium,0
1064,53,Female,Bangalore,2023-03-05,Sports,5064,2023-08-03,1,4447,18,9504,UPI,High,0
1065,31,Male,Mumbai,2023-03-06,Home,5065,2023-08-04,1,2176,21,5633,Cash,Medium,1
1066,48,Male,Bangalore,2023-03-07,Home,5066,2023-08-05,4,1696,7,1920,UPI,Low,0
1067,32,Male,Chennai,2023-03-08,Clothing,5067,2023-08-06,1,4605,8,8008,Cash,Low,0
1068,25,Female,Chennai,2023-03-09,Electronics,5068,2023-08-07,3,3287,16,3381,Card,Medium,1
1069,31,Male,Chennai,2023-03-10,Electronics,5069,2023-08-08,3,1961,2,4618,Cash,Low,1
1070,40,Male,Chennai,2023-03-11,Clothing,5070,2023-08-09,3,3818,18,9989,Card,High,1
1071,57,Female,Chennai,2023-03-12,Clothing,5071,2023-08-10,3,1166,10,5443,Card,Medium,1
1072,38,Female,Mumbai,2023-03-13,Sports,5072,2023-08-11,1,2676,23,1272,Cash,Low,1
1073,33,Female,Mumbai,2023-03-14,Sports,5073,2023-08-12,3,4243,16,2773,Card,Low,1
1074,35,Female,Mumbai,2023-03-15,Sports,5074,2023-08-13,1,1100,20,3547,Cash,Medium,0
1075,41,Male,Bangalore,2023-03-16,Clothing,5075,2023-08-14,4,3152,18,4164,Card,Low,1
1076,43,Male,Bangalore,2023-03-17,Clothing,5076,2023-08-15,3,4922,1,5780,UPI,Medium,0
1077,42,Male,Bangalore,2023-03-18,Home,5077,2023-08-16,2,4324,7,1946,UPI,Low,1
1078,58,Male,Bangalore,2023-03-19,Sports,5078,2023-08-17,3,4406,18,1506,Card,High,0
1079,46,Female,Chennai,2023-03-20,Sports,5079,2023-08-18,3,1479,6,7719,Card,Low,0
1080,32,Male,Chennai,2023-03-21,Sports,5080,2023-08-19,1,2951,27,9435,Cash,Low,1
1081,18,Male,Chennai,2023-03-22,Electronics,5081,2023-08-20,3,1128,26,9697,UPI,Medium,1
1082,42,Female,Hyderabad,2023-03-23,Home,5082,2023-08-21,2,2129,16,7360,Cash,Low,0
1083,24,Male,Mumbai,2023-03-24,Sports,5083,2023-08-22,1,4196,5,8657,Card,Medium,1
1084,26,Male,Bangalore,2023-03-25,Sports,5084,2023-08-23,1,3930,18,4590,Card,High,1
1085,41,Male,Bangalore,2023-03-26,Sports,5085,2023-08-24,4,4174,23,2192,Cash,Medium,0
1086,18,Male,Chennai,2023-03-27,Electronics,5086,2023-08-25,4,4429,5,2464,Card,Medium,0
1087,25,Male,Bangalore,2023-03-28,Electronics,5087,2023-08-26,3,3265,27,1390,UPI,Low,0
1088,41,Male,Bangalore,2023-03-29,Clothing,5088,2023-08-27,4,4869,1,6615,Cash,High,1
1089,28,Female,Mumbai,2023-03-30,Home,5089,2023-08-28,4,615,5,7106,UPI,Medium,1
1090,34,Female,Chennai,2023-03-31,Clothing,5090,2023-08-29,4,2503,22,9864,UPI,Low,1
1091,25,Male,Mumbai,2023-04-01,Home,5091,2023-08-30,1,1192,4,3560,UPI,Low,1
1092,52,Male,Hyderabad,2023-04-02,Electronics,5092,2023-08-31,1,3662,18,6867,Cash,Medium,0
1093,52,Female,Hyderabad,2023-04-03,Sports,5093,2023-09-01,1,1605,19,2211,Card,Low,1
1094,50,Male,Hyderabad,2023-04-04,Clothing,5094,2023-09-02,4,3508,3,2539,UPI,Medium,0
1095,22,Male,Chennai,2023-04-05,Sports,5095,2023-09-03,1,2661,21,1643,UPI,Medium,1
1096,59,Male,Bangalore,2023-04-06,Clothing,5096,2023-09-04,4,653,25,9693,UPI,Medium,1
1097,56,Female,Chennai,2023-04-07,Electronics,5097,2023-09-05,1,4199,16,9921,Card,High,0
1098,58,Male,Chennai,2023-04-08,Electronics,5098,2023-09-06,1,4910,10,2283,Card,Medium,1
1099,45,Female,Bangalore,2023-04-09,Electronics,5099,2023-09-07,2,4286,3,8680,Cash,Low,1
1100,24,Male,Mumbai,2023-04-10,Clothing,5100,2023-09-08,3,1564,25,8345,Card,High,0
1101,26,Female,Hyderabad,2023-04-11,Home,5101,2023-09-09,4,4700,12,5386,Cash,Low,1
1102,25,Female,Mumbai,2023-04-12,Clothing,5102,2023-09-10,2,2413,19,1919,Cash,High,0
1103,29,Male,Hyderabad,2023-04-13,Home,5103,2023-09-11,1,1716,25,3339,Cash,High,0
1104,51,Female,Chennai,2023-04-14,Clothing,5104,2023-09-12,4,2901,16,9947,Cash,High,0
1105,50,Male,Hyderabad,2023-04-15,Clothing,5105,2023-09-13,1,2272,8,6930,Cash,High,0
1106,40,Female,Chennai,2023-04-16,Electronics,5106,2023-09-14,3,2460,3,6402,UPI,Low,1
1107,41,Male,Mumbai,2023-04-17,Sports,5107,2023-09-15,2,3280,22,6663,Card,Medium,1
1108,54,Male,Chennai,2023-04-18,Sports,5108,2023-09-16,3,3371,27,6275,UPI,Low,1
1109,52,Female,Mumbai,2023-04-19,Home,5109,2023-09-17,2,1160,13,1507,Cash,Medium,0
1110,57,Male,Bangalore,2023-04-20,Sports,5110,2023-09-18,1,3135,18,2436,Card,Low,1
1111,39,Male,Bangalore,2023-04-21,Clothing,5111,2023-09-19,3,2829,25,9750,UPI,High,1
1112,44,Female,Bangalore,2023-04-22,Clothing,5112,2023-09-20,3,4454,27,8354,UPI,High,1
1113,52,Male,Chennai,2023-04-23,Electronics,5113,2023-09-21,1,2950,2,5516,Cash,Medium,1
1114,18,Male,Bangalore,2023-04-24,Electronics,5114,2023-09-22,3,1632,13,4622,UPI,Medium,0
1115,52,Female,Hyderabad,2023-04-25,Sports,5115,2023-09-23,4,1199,7,5399,UPI,Low,0
1116,54,Female,Mumbai,2023-04-26,Home,5116,2023-09-24,2,2538,23,6037,UPI,Medium,1
1117,31,Male,Mumbai,2023-04-27,Sports,5117,2023-09-25,2,2679,26,9111,UPI,Low,0
1118,20,Male,Hyderabad,2023-04-28,Sports,5118,2023-09-26,2,3338,27,4715,UPI,Medium,1
1119,18,Female,Chennai,2023-04-29,Sports,5119,2023-09-27,4,1373,0,8837,Cash,Medium,1
1120,22,Female,Chennai,2023-04-30,Sports,5120,2023-09-28,2,583,9,2301,Cash,Medium,1
1121,43,Male,Mumbai,2023-05-01,Clothing,5121,2023-09-29,1,1922,17,8370,UPI,High,0
1122,31,Female,Bangalore,2023-05-02,Home,5122,2023-09-30,3,3175,15,6185,Cash,High,1
1123,56,Male,Chennai,2023-05-03,Clothing,5123,2023-10-01,4,3680,7,3155,Cash,Low,0
1124,44,Male,Chennai,2023-05-04,Home,5124,2023-10-02,2,4816,0,7411,Card,Medium,0
1125,26,Male,Hyderabad,2023-05-05,Electronics,5125,2023-10-03,1,4475,11,7365,UPI,Low,1
1126,32,Male,Hyderabad,2023-05-06,Sports,5126,2023-10-04,3,1891,7,1692,Cash,Medium,0
1127,32,Male,Bangalore,2023-05-07,Clothing,5127,2023-10-05,3,3718,23,2478,Cash,High,0
1128,43,Female,Chennai,2023-05-08,Home,5128,2023-10-06,4,4707,15,7396,UPI,High,1
1129,59,Female,Chennai,2023-05-09,Electronics,5129,2023-10-07,4,1114,17,9448,Card,Medium,0
1130,30,Female,Hyderabad,2023-05-10,Electronics,5130,2023-10-08,4,3471,3,1441,UPI,Medium,0
1131,49,Female,Chennai,2023-05-11,Sports,5131,2023-10-09,1,4065,5,3646,Card,High,1
1132,56,Male,Mumbai,2023-05-12,Home,5132,2023-10-10,1,4076,11,6209,UPI,High,1
1133,49,Male,Hyderabad,2023-05-13,Clothing,5133,2023-10-11,4,770,26,7533,UPI,Low,0
1134,21,Male,Bangalore,2023-05-14,Sports,5134,2023-10-12,2,4566,8,5677,UPI,High,1
1135,47,Male,Hyderabad,2023-05-15,Clothing,5135,2023-10-13,3,2968,14,8211,UPI,Medium,1
1136,54,Female,Chennai,2023-05-16,Electronics,5136,2023-10-14,3,1890,15,3645,Card,Low,0
1137,40,Male,Bangalore,2023-05-17,Clothing,5137,2023-10-15,1,3854,23,9210,Card,Medium,0
1138,56,Male,Hyderabad,2023-05-18,Clothing,5138,2023-10-16,3,4635,11,8933,Cash,Low,1
1139,32,Female,Mumbai,2023-05-19,Sports,5139,2023-10-17,2,4107,23,6476,UPI,Medium,0
1140,46,Female,Mumbai,2023-05-20,Clothing,5140,2023-10-18,3,3083,22,8928,Card,High,1
1141,53,Female,Hyderabad,2023-05-21,Sports,5141,2023-10-19,1,4573,13,3080,Card,Medium,1
1142,30,Female,Mumbai,2023-05-22,Electronics,5142,2023-10-20,1,3575,12,7089,Card,Low,0
1143,49,Male,Mumbai,2023-05-23,Sports,5143,2023-10-21,2,4406,24,8396,UPI,Medium,0
1144,24,Male,Mumbai,2023-05-24,Sports,5144,2023-10-22,2,789,1,8797,Cash,Low,1
1145,39,Female,Bangalore,2023-05-25,Home,5145,2023-10-23,3,2980,2,1861,Card,Medium,1
1146,45,Male,Mumbai,2023-05-26,Clothing,5146,2023-10-24,3,3752,25,9346,UPI,High,1
1147,19,Male,Mumbai,2023-05-27,Electronics,5147,2023-10-25,1,778,23,4494,Card,High,1
1148,59,Male,Mumbai,2023-05-28,Sports,5148,2023-10-26,2,3424,29,1904,Card,Medium,0
1149,23,Female,Bangalore,2023-05-29,Electronics,5149,2023-10-27,2,1080,21,2269,Cash,Medium,1
1150,45,Male,Hyderabad,2023-05-30,Home,5150,2023-10-28,2,753,9,1404,Card,Medium,0
1151,45,Female,Chennai,2023-05-31,Clothing,5151,2023-10-29,3,4776,8,2184,Card,Low,0
1152,37,Male,Mumbai,2023-06-01,Sports,5152,2023-10-30,2,1324,25,9938,UPI,Medium,1
1153,47,Male,Hyderabad,2023-06-02,Clothing,5153,2023-10-31,1,4332,19,2725,UPI,Medium,0
1154,28,Male,Mumbai,2023-06-03,Home,5154,2023-11-01,1,1199,7,9462,Cash,Low,0
1155,45,Female,Bangalore,2023-06-04,Home,5155,2023-11-02,3,1880,9,6811,UPI,High,1
1156,42,Male,Hyderabad,2023-06-05,Electronics,5156,2023-11-03,4,4396,18,6606,UPI,Medium,0
1157,56,Female,Bangalore,2023-06-06,Sports,5157,2023-11-04,3,2173,2,4956,Cash,Medium,0
1158,50,Female,Mumbai,2023-06-07,Electronics,5158,2023-11-05,4,3227,23,1171,Card,High,1
1159,18,Female,Mumbai,2023-06-08,Home,5159,2023-11-06,2,3656,4,9465,Cash,High,1
1160,44,Male,Bangalore,2023-06-09,Clothing,5160,2023-11-07,3,3888,2,3306,UPI,Low,1
1161,30,Male,Chennai,2023-06-10,Electronics,5161,2023-11-08,1,4807,25,1421,Cash,Medium,1
1162,58,Male,Bangalore,2023-06-11,Electronics,5162,2023-11-09,2,883,26,6540,Card,Medium,1
1163,20,Male,Mumbai,2023-06-12,Clothing,5163,2023-11-10,1,841,15,5675,Cash,Low,1
1164,56,Female,Bangalore,2023-06-13,Electronics,5164,2023-11-11,2,2487,16,7748,UPI,High,1
1165,23,Female,Chennai,2023-06-14,Clothing,5165,2023-11-12,3,4559,14,7103,UPI,Low,0
1166,25,Female,Bangalore,2023-06-15,Sports,5166,2023-11-13,4,3609,2,2473,Cash,High,0
1167,44,Male,Chennai,2023-06-16,Clothing,5167,2023-11-14,2,4582,11,4243,Card,Low,1
1168,26,Female,Chennai,2023-06-17,Sports,5168,2023-11-15,4,3298,8,3181,Cash,High,0
1169,54,Male,Bangalore,2023-06-18,Clothing,5169,2023-11-16,2,3740,20,4096,Card,Low,0
1170,50,Female,Bangalore,2023-06-19,Home,5170,2023-11-17,1,2488,11,7646,Card,High,1
1171,59,Male,Hyderabad,2023-06-20,Home,5171,2023-11-18,1,3914,25,6882,Cash,High,0
1172,41,Male,Mumbai,2023-06-21,Sports,5172,2023-11-19,2,2349,14,6982,Card,High,1
1173,32,Female,Chennai,2023-06-22,Sports,5173,2023-11-20,4,805,1,6798,UPI,High,0
1174,49,Female,Hyderabad,2023-06-23,Home,5174,2023-11-21,3,4113,22,9415,Cash,High,1
1175,49,Female,Bangalore,2023-06-24,Sports,5175,2023-11-22,3,3249,17,9411,Card,Medium,0
1176,41,Female,Mumbai,2023-06-25,Clothing,5176,2023-11-23,1,1635,19,9456,UPI,High,0
1177,58,Male,Hyderabad,2023-06-26,Clothing,5177,2023-11-24,3,705,11,5524,Cash,Medium,0
1178,29,Female,Chennai,2023-06-27,Home,5178,2023-11-25,1,3950,22,7559,UPI,High,1
1179,56,Female,Hyderabad,2023-06-28,Electronics,5179,2023-11-26,3,4311,3,8620,UPI,Medium,0
1180,19,Female,Chennai,2023-06-29,Clothing,5180,2023-11-27,2,4122,22,3774,UPI,Medium,0
1181,20,Male,Bangalore,2023-06-30,Sports,5181,2023-11-28,1,4099,15,6673,Card,Low,1
1182,54,Male,Mumbai,2023-07-01,Electronics,5182,2023-11-29,1,3051,22,4124,Cash,High,1
1183,34,Female,Mumbai,2023-07-02,Electronics,5183,2023-11-30,2,4808,15,9671,Cash,Low,0
1184,19,Male,Mumbai,2023-07-03,Clothing,5184,2023-12-01,1,809,0,2353,Card,Low,0
1185,19,Female,Bangalore,2023-07-04,Clothing,5185,2023-12-02,3,3208,21,4854,Cash,High,0
1186,45,Male,Chennai,2023-07-05,Electronics,5186,2023-12-03,3,2491,24,9134,UPI,Low,0
1187,40,Male,Bangalore,2023-07-06,Electronics,5187,2023-12-04,1,771,1,1924,Cash,High,1
1188,54,Male,Mumbai,2023-07-07,Home,5188,2023-12-05,3,4142,29,3170,Card,Low,0
1189,49,Male,Bangalore,2023-07-08,Sports,5189,2023-12-06,4,4586,2,6506,UPI,High,0
1190,50,Female,Bangalore,2023-07-09,Home,5190,2023-12-07,1,2322,25,3395,Card,High,1
1191,18,Female,Bangalore,2023-07-10,Clothing,5191,2023-12-08,2,3773,20,9220,UPI,High,0
1192,36,Female,Chennai,2023-07-11,Home,5192,2023-12-09,4,4849,24,9226,UPI,Medium,0
1193,19,Male,Hyderabad,2023-07-12,Home,5193,2023-12-10,1,1020,19,6515,Cash,Low,0
1194,43,Female,Hyderabad,2023-07-13,Home,5194,2023-12-11,2,1476,16,3670,UPI,Medium,1
1195,49,Female,Bangalore,2023-07-14,Home,5195,2023-12-12,3,4222,19,4365,Card,Low,1
1196,23,Female,Hyderabad,2023-07-15,Sports,5196,2023-12-13,2,4051,21,1588,Cash,Low,0
1197,49,Male,Hyderabad,2023-07-16,Sports,5197,2023-12-14,4,4605,20,4138,Card,Low,0
1198,21,Male,Bangalore,2023-07-17,Electronics,5198,2023-12-15,3,3273,29,7663,UPI,Medium,1
1199,28,Male,Bangalore,2023-07-18,Clothing,5199,2023-12-16,1,3052,28,5086,Card,Low,0
1200,34,Female,Mumbai,2023-07-19,Home,5200,2023-12-17,3,3332,0,9531,Card,Medium,0
1201,55,Female,Hyderabad,2023-07-20,Electronics,5201,2023-12-18,1,4407,19,5270,UPI,High,1
1202,41,Female,Chennai,2023-07-21,Electronics,5202,2023-12-19,1,652,5,7019,Cash,Low,1
1203,22,Male,Bangalore,2023-07-22,Electronics,5203,2023-12-20,2,3464,28,1556,Card,Low,1
1204,51,Male,Mumbai,2023-07-23,Sports,5204,2023-12-21,2,3416,14,9022,UPI,High,0
1205,23,Female,Chennai,2023-07-24,Home,5205,2023-12-22,2,3300,25,6452,Cash,High,0
1206,39,Male,Hyderabad,2023-07-25,Home,5206,2023-12-23,4,2252,25,4567,Cash,Low,0
1207,28,Male,Mumbai,2023-07-26,Clothing,5207,2023-12-24,4,3110,13,4899,Cash,High,0
1208,33,Male,Bangalore,2023-07-27,Home,5208,2023-12-25,2,4375,19,7477,Card,Medium,1
1209,50,Male,Chennai,2023-07-28,Home,5209,2023-12-26,4,1604,14,8500,Card,Medium,0
1210,26,Female,Bangalore,2023-07-29,Electronics,5210,2023-12-27,3,3036,13,2016,Card,Low,0
1211,23,Male,Hyderabad,2023-07-30,Clothing,5211,2023-12-28,3,4699,24,7470,Cash,Medium,1
1212,33,Male,Chennai,2023-07-31,Home,5212,2023-12-29,4,4354,20,3062,Card,Medium,1
1213,46,Male,Hyderabad,2023-08-01,Sports,5213,2023-12-30,4,3994,23,5321,UPI,Low,0
1214,20,Male,Hyderabad,2023-08-02,Home,5214,2023-12-31,3,2414,24,4496,Card,High,1
1215,37,Female,Mumbai,2023-08-03,Electronics,5215,2024-01-01,1,3572,25,2813,Card,Low,1
1216,53,Female,Bangalore,2023-08-04,Sports,5216,2024-01-02,3,1506,4,7256,Cash,Medium,0
1217,36,Male,Chennai,2023-08-05,Electronics,5217,2024-01-03,3,906,5,3313,Card,Low,0
1218,43,Male,Hyderabad,2023-08-06,Home,5218,2024-01-04,4,666,16,2231,UPI,Low,0
1219,20,Male,Hyderabad,2023-08-07,Sports,5219,2024-01-05,3,1008,10,6831,Cash,Medium,0
1220,36,Male,Chennai,2023-08-08,Clothing,5220,2024-01-06,4,2161,15,3999,UPI,Medium,1
1221,37,Male,Hyderabad,2023-08-09,Clothing,5221,2024-01-07,4,4164,11,4440,Cash,Low,1
1222,49,Male,Mumbai,2023-08-10,Sports,5222,2024-01-08,2,3989,14,5056,Cash,Medium,0
1223,24,Female,Mumbai,2023-08-11,Sports,5223,2024-01-09,3,1180,22,1305,Card,Medium,0
1224,58,Male,Mumbai,2023-08-12,Electronics,5224,2024-01-10,1,3024,3,2689,UPI,Medium,1
1225,50,Female,Mumbai,2023-08-13,Sports,5225,2024-01-11,2,2620,26,4917,Cash,Medium,0
1226,57,Female,Hyderabad,2023-08-14,Electronics,5226,2024-01-12,4,4857,17,8080,Card,Medium,0
1227,56,Male,Chennai,2023-08-15,Home,5227,2024-01-13,4,1863,20,9611,Cash,Medium,0
1228,35,Female,Chennai,2023-08-16,Electronics,5228,2024-01-14,1,1831,27,3936,Cash,High,0
1229,57,Female,Chennai,2023-08-17,Sports,5229,2024-01-15,4,2792,2,4862,Cash,Low,1
1230,18,Female,Chennai,2023-08-18,Sports,5230,2024-01-16,3,2038,21,6649,Cash,Medium,0
1231,28,Female,Bangalore,2023-08-19,Home,5231,2024-01-17,2,3908,7,4261,Cash,Low,1
1232,45,Female,Chennai,2023-08-20,Sports,5232,2024-01-18,4,1060,22,2819,Cash,High,0
1233,42,Female,Bangalore,2023-08-21,Sports,5233,2024-01-19,4,1599,2,2342,Card,Medium,0
1234,40,Male,Bangalore,2023-08-22,Clothing,5234,2024-01-20,1,2403,7,6560,Cash,Low,1
1235,48,Female,Mumbai,2023-08-23,Clothing,5235,2024-01-21,3,674,17,3226,UPI,Medium,0
1236,47,Female,Bangalore,2023-08-24,Home,5236,2024-01-22,4,2656,9,2079,Card,Medium,1
1237,59,Female,Hyderabad,2023-08-25,Electronics,5237,2024-01-23,1,2730,24,5206,UPI,Medium,0
1238,52,Male,Bangalore,2023-08-26,Clothing,5238,2024-01-24,4,4787,19,7280,Cash,Medium,0
1239,24,Female,Mumbai,2023-08-27,Electronics,5239,2024-01-25,1,4660,16,8235,UPI,Medium,0
1240,33,Male,Bangalore,2023-08-28,Sports,5240,2024-01-26,1,4420,7,1813,Cash,Medium,0
1241,43,Female,Hyderabad,2023-08-29,Clothing,5241,2024-01-27,3,1997,22,6089,Cash,Medium,0
1242,19,Male,Hyderabad,2023-08-30,Home,5242,2024-01-28,4,4354,10,3031,Card,High,1
1243,18,Male,Hyderabad,2023-08-31,Home,5243,2024-01-29,3,3671,28,9514,Card,High,1
1244,29,Female,Mumbai,2023-09-01,Home,5244,2024-01-30,1,2067,4,6911,Cash,Medium,0
1245,22,Female,Mumbai,2023-09-02,Clothing,5245,2024-01-31,2,1651,25,3653,Card,Medium,0
1246,54,Male,Chennai,2023-09-03,Electronics,5246,2024-02-01,4,868,12,4340,UPI,High,1
1247,49,Female,Mumbai,2023-09-04,Sports,5247,2024-02-02,2,542,20,8876,Card,High,1
1248,26,Male,Hyderabad,2023-09-05,Electronics,5248,2024-02-03,4,2407,22,2141,Card,High,0
1249,58,Male,Hyderabad,2023-09-06,Electronics,5249,2024-02-04,3,3990,4,9558,UPI,Medium,0
1250,52,Male,Mumbai,2023-09-07,Sports,5250,2024-02-05,3,3035,23,3897,Card,Low,1
1251,36,Male,Bangalore,2023-09-08,Sports,5251,2024-02-06,3,4673,26,5041,Cash,Low,0
1252,33,Male,Mumbai,2023-09-09,Clothing,5252,2024-02-07,3,3373,12,3038,UPI,Low,1
1253,20,Female,Mumbai,2023-09-10,Clothing,5253,2024-02-08,3,2324,5,5270,Cash,Low,0
1254,37,Male,Hyderabad,2023-09-11,Clothing,5254,2024-02-09,2,1793,28,5683,UPI,Medium,1
1255,41,Male,Chennai,2023-09-12,Clothing,5255,2024-02-10,3,3886,4,1494,Cash,Low,1
1256,50,Female,Hyderabad,2023-09-13,Clothing,5256,2024-02-11,1,3472,8,8116,Cash,High,0
1257,41,Male,Chennai,2023-09-14,Sports,5257,2024-02-12,1,4422,26,2784,Card,High,1
1258,28,Female,Hyderabad,2023-09-15,Electronics,5258,2024-02-13,2,1492,15,4510,Cash,Low,0
1259,25,Female,Mumbai,2023-09-16,Clothing,5259,2024-02-14,4,2886,1,4786,Card,High,0
1260,53,Female,Hyderabad,2023-09-17,Clothing,5260,2024-02-15,1,2740,0,6266,UPI,Medium,0
1261,55,Male,Hyderabad,2023-09-18,Electronics,5261,2024-02-16,4,1976,7,6428,Cash,Low,0
1262,57,Male,Hyderabad,2023-09-19,Clothing,5262,2024-02-17,2,3907,27,7681,Cash,Low,1
1263,37,Male,Mumbai,2023-09-20,Electronics,5263,2024-02-18,4,889,18,7893,UPI,Medium,0
1264,52,Female,Mumbai,2023-09-21,Electronics,5264,2024-02-19,4,1499,29,5658,UPI,High,0
1265,42,Male,Mumbai,2023-09-22,Sports,5265,2024-02-20,4,2355,10,8082,Cash,Medium,0
1266,52,Female,Mumbai,2023-09-23,Home,5266,2024-02-21,4,1158,27,7869,UPI,Medium,0
1267,42,Male,Chennai,2023-09-24,Sports,5267,2024-02-22,2,3263,11,8607,Card,High,1
1268,46,Female,Chennai,2023-09-25,Home,5268,2024-02-23,1,4163,11,8669,UPI,Medium,0
1269,35,Male,Bangalore,2023-09-26,Home,5269,2024-02-24,3,1981,6,7219,UPI,High,1
1270,35,Male,Mumbai,2023-09-27,Home,5270,2024-02-25,4,4231,25,5534,Cash,High,1
1271,19,Male,Chennai,2023-09-28,Clothing,5271,2024-02-26,1,951,12,6979,Card,Medium,1
1272,52,Female,Hyderabad,2023-09-29,Sports,5272,2024-02-27,1,2975,26,9890,UPI,High,0
1273,33,Female,Mumbai,2023-09-30,Home,5273,2024-02-28,2,3722,7,2312,Card,Medium,0
1274,58,Male,Bangalore,2023-10-01,Electronics,5274,2024-02-29,1,2037,28,3962,Card,High,0
1275,53,Male,Bangalore,2023-10-02,Clothing,5275,2024-03-01,2,3593,28,3938,Card,Low,0
1276,50,Female,Bangalore,2023-10-03,Sports,5276,2024-03-02,4,1382,21,4197,Cash,High,1
1277,21,Female,Hyderabad,2023-10-04,Home,5277,2024-03-03,4,4908,27,6296,UPI,High,1
1278,50,Female,Chennai,2023-10-05,Electronics,5278,2024-03-04,3,4568,25,8204,Cash,Medium,0
1279,31,Male,Hyderabad,2023-10-06,Sports,5279,2024-03-05,3,3066,29,6730,UPI,High,0
1280,38,Female,Mumbai,2023-10-07,Sports,5280,2024-03-06,3,3777,8,1126,UPI,Low,0
1281,37,Male,Bangalore,2023-10-08,Clothing,5281,2024-03-07,1,874,6,6602,Cash,Low,0
1282,25,Female,Hyderabad,2023-10-09,Sports,5282,2024-03-08,4,4197,25,2191,Card,High,0
1283,24,Male,Hyderabad,2023-10-10,Clothing,5283,2024-03-09,2,3562,20,3639,Card,High,0
1284,20,Female,Chennai,2023-10-11,Home,5284,2024-03-10,3,3750,23,2366,UPI,Low,0
1285,34,Female,Chennai,2023-10-12,Clothing,5285,2024-03-11,2,612,14,7453,Cash,Medium,1
1286,50,Female,Bangalore,2023-10-13,Electronics,5286,2024-03-12,2,3697,1,7671,Card,Low,1
1287,29,Female,Hyderabad,2023-10-14,Clothing,5287,2024-03-13,3,2878,22,7683,Card,Low,1
1288,39,Female,Hyderabad,2023-10-15,Electronics,5288,2024-03-14,4,2424,19,5539,UPI,High,1
1289,39,Male,Chennai,2023-10-16,Clothing,5289,2024-03-15,3,639,24,9876,UPI,High,0
1290,47,Female,Hyderabad,2023-10-17,Sports,5290,2024-03-16,2,1924,11,3887,Cash,Low,0
1291,55,Female,Hyderabad,2023-10-18,Home,5291,2024-03-17,3,3449,0,5086,UPI,Medium,0
1292,55,Female,Hyderabad,2023-10-19,Electronics,5292,2024-03-18,2,3668,22,3261,Card,Low,0
1293,25,Male,Chennai,2023-10-20,Clothing,5293,2024-03-19,2,1016,21,5180,Card,Low,0
1294,44,Female,Bangalore,2023-10-21,Clothing,5294,2024-03-20,3,3116,7,3841,Card,Medium,1
1295,44,Male,Mumbai,2023-10-22,Clothing,5295,2024-03-21,1,1387,4,7040,Card,Low,0
1296,51,Female,Bangalore,2023-10-23,Sports,5296,2024-03-22,3,3604,14,4560,Cash,Low,1
1297,38,Female,Mumbai,2023-10-24,Sports,5297,2024-03-23,1,549,0,5758,Cash,High,0
1298,47,Male,Hyderabad,2023-10-25,Electronics,5298,2024-03-24,2,4451,0,1626,UPI,Medium,1
1299,50,Female,Bangalore,2023-10-26,Electronics,5299,2024-03-25,2,4060,24,6014,UPI,High,0
1300,45,Male,Mumbai,2023-10-27,Sports,5300,2024-03-26,1,518,9,2375,UPI,High,1
1301,50,Male,Chennai,2023-10-28,Electronics,5301,2024-03-27,2,1973,21,2181,Cash,Medium,0
1302,22,Female,Chennai,2023-10-29,Home,5302,2024-03-28,1,4561,9,6708,Card,Medium,0
1303,36,Male,Bangalore,2023-10-30,Home,5303,2024-03-29,1,3106,20,1490,UPI,Low,0
1304,21,Female,Bangalore,2023-10-31,Sports,5304,2024-03-30,2,951,14,4729,Card,High,0
1305,52,Female,Hyderabad,2023-11-01,Electronics,5305,2024-03-31,4,4265,16,6974,UPI,Medium,1
1306,34,Male,Bangalore,2023-11-02,Clothing,5306,2024-04-01,1,2938,21,4534,UPI,High,0
1307,45,Male,Hyderabad,2023-11-03,Home,5307,2024-04-02,3,4810,5,4296,UPI,High,1
1308,47,Male,Hyderabad,2023-11-04,Sports,5308,2024-04-03,3,2049,2,2940,UPI,Medium,0
1309,46,Male,Chennai,2023-11-05,Electronics,5309,2024-04-04,2,3974,12,6014,UPI,Low,1
1310,23,Female,Chennai,2023-11-06,Sports,5310,2024-04-05,4,627,15,2882,Card,High,0
1311,52,Female,Mumbai,2023-11-07,Clothing,5311,2024-04-06,2,3261,7,5908,UPI,Medium,0
1312,58,Male,Chennai,2023-11-08,Home,5312,2024-04-07,4,4956,29,3987,Card,Low,1
1313,54,Female,Chennai,2023-11-09,Sports,5313,2024-04-08,1,1915,14,6585,Cash,High,0
1314,41,Female,Bangalore,2023-11-10,Sports,5314,2024-04-09,1,701,16,4159,UPI,Medium,0
1315,46,Female,Chennai,2023-11-11,Sports,5315,2024-04-10,1,2869,16,5530,Card,High,1
1316,48,Female,Mumbai,2023-11-12,Clothing,5316,2024-04-11,1,1017,21,1681,Cash,Medium,0
1317,52,Male,Bangalore,2023-11-13,Sports,5317,2024-04-12,3,1841,25,6254,Cash,Medium,1
1318,50,Male,Mumbai,2023-11-14,Clothing,5318,2024-04-13,3,2488,12,2073,Cash,High,0
1319,38,Female,Chennai,2023-11-15,Clothing,5319,2024-04-14,2,4045,16,3387,Card,High,1
1320,49,Male,Mumbai,2023-11-16,Clothing,5320,2024-04-15,4,4302,5,3693,UPI,Medium,1
1321,40,Male,Bangalore,2023-11-17,Home,5321,2024-04-16,1,3775,16,5340,UPI,Low,1
1322,50,Male,Hyderabad,2023-11-18,Home,5322,2024-04-17,1,4154,15,3156,Card,High,1
1323,20,Female,Mumbai,2023-11-19,Sports,5323,2024-04-18,4,2934,13,8966,UPI,Medium,0
1324,35,Female,Mumbai,2023-11-20,Sports,5324,2024-04-19,4,707,12,3580,Card,Medium,0
1325,42,Female,Bangalore,2023-11-21,Home,5325,2024-04-20,2,3133,5,8257,UPI,Low,1
1326,59,Male,Bangalore,2023-11-22,Electronics,5326,2024-04-21,4,4617,2,3159,Cash,Low,0
1327,48,Female,Mumbai,2023-11-23,Home,5327,2024-04-22,1,653,13,7772,UPI,Low,0
1328,20,Female,Chennai,2023-11-24,Clothing,5328,2024-04-23,1,3866,13,2627,Card,High,0
1329,57,Male,Mumbai,2023-11-25,Home,5329,2024-04-24,1,4814,14,9219,Card,Medium,1
1330,41,Female,Bangalore,2023-11-26,Clothing,5330,2024-04-25,1,2018,7,8080,Cash,Medium,0
1331,49,Female,Hyderabad,2023-11-27,Sports,5331,2024-04-26,1,3100,28,2985,Card,Medium,0
1332,39,Male,Hyderabad,2023-11-28,Electronics,5332,2024-04-27,2,2695,14,9488,UPI,Low,1
1333,40,Male,Chennai,2023-11-29,Sports,5333,2024-04-28,1,4998,21,3181,UPI,Medium,0
1334,19,Male,Mumbai,2023-11-30,Clothing,5334,2024-04-29,2,4054,28,3296,Cash,High,1
1335,44,Female,Hyderabad,2023-12-01,Clothing,5335,2024-04-30,1,2914,26,8164,Card,Low,1
1336,59,Female,Mumbai,2023-12-02,Clothing,5336,2024-05-01,3,3349,12,3597,Cash,Low,1
1337,19,Female,Bangalore,2023-12-03,Electronics,5337,2024-05-02,3,2242,16,1901,UPI,Low,0
1338,43,Male,Hyderabad,2023-12-04,Home,5338,2024-05-03,3,1806,20,7060,Cash,Low,0
1339,34,Male,Chennai,2023-12-05,Sports,5339,2024-05-04,3,4349,23,2677,Card,High,1
1340,57,Female,Bangalore,2023-12-06,Sports,5340,2024-05-05,2,4668,2,3881,Cash,Medium,1
1341,50,Female,Chennai,2023-12-07,Home,5341,2024-05-06,2,4695,27,6622,Card,High,1
1342,26,Male,Bangalore,2023-12-08,Sports,5342,2024-05-07,4,3055,5,9052,Card,Medium,1
1343,56,Male,Hyderabad,2023-12-09,Electronics,5343,2024-05-08,1,2805,4,2378,UPI,High,1
1344,46,Male,Chennai,2023-12-10,Sports,5344,2024-05-09,3,1588,21,2248,UPI,Low,1
1345,59,Male,Chennai,2023-12-11,Clothing,5345,2024-05-10,2,3142,25,6650,UPI,Low,0
1346,43,Female,Bangalore,2023-12-12,Home,5346,2024-05-11,1,1677,16,7079,Card,High,1
1347,52,Male,Chennai,2023-12-13,Electronics,5347,2024-05-12,1,3494,22,8036,Cash,High,1
1348,42,Female,Bangalore,2023-12-14,Home,5348,2024-05-13,2,1059,24,7487,Card,Medium,1
1349,41,Female,Bangalore,2023-12-15,Electronics,5349,2024-05-14,3,3464,1,2058,UPI,High,0
1350,30,Female,Bangalore,2023-12-16,Clothing,5350,2024-05-15,4,1771,25,3048,UPI,High,0
1351,24,Male,Bangalore,2023-12-17,Home,5351,2024-05-16,1,2313,14,7115,Cash,Medium,0
1352,53,Male,Hyderabad,2023-12-18,Sports,5352,2024-05-17,4,3415,4,5248,UPI,Medium,0
1353,37,Male,Bangalore,2023-12-19,Electronics,5353,2024-05-18,3,1109,25,3476,UPI,Medium,1
1354,18,Male,Mumbai,2023-12-20,Home,5354,2024-05-19,3,2961,19,5603,UPI,High,0
1355,25,Female,Chennai,2023-12-21,Sports,5355,2024-05-20,4,4620,5,4553,Cash,Medium,1
1356,33,Male,Mumbai,2023-12-22,Home,5356,2024-05-21,3,783,5,1220,Card,Low,1
1357,31,Male,Hyderabad,2023-12-23,Home,5357,2024-05-22,1,3428,26,5818,UPI,Low,1
1358,29,Female,Mumbai,2023-12-24,Home,5358,2024-05-23,4,4896,17,8192,Cash,Low,1
1359,40,Male,Chennai,2023-12-25,Electronics,5359,2024-05-24,3,1591,17,5623,UPI,High,1
1360,32,Female,Mumbai,2023-12-26,Sports,5360,2024-05-25,4,1316,3,8349,Cash,Low,1
1361,45,Female,Hyderabad,2023-12-27,Clothing,5361,2024-05-26,1,582,16,6618,UPI,High,0
1362,51,Female,Bangalore,2023-12-28,Electronics,5362,2024-05-27,3,2420,24,8209,Cash,High,0
1363,19,Female,Mumbai,2023-12-29,Electronics,5363,2024-05-28,1,3991,13,5576,UPI,Low,0
1364,49,Female,Hyderabad,2023-12-30,Electronics,5364,2024-05-29,3,3644,13,2871,Card,Medium,0
1365,40,Female,Hyderabad,2023-12-31,Clothing,5365,2024-05-30,2,2593,12,8915,UPI,High,0
1366,39,Female,Chennai,2024-01-01,Sports,5366,2024-05-31,3,675,6,2462,Cash,Low,1
1367,42,Female,Chennai,2024-01-02,Sports,5367,2024-06-01,4,3204,11,6521,UPI,High,0
1368,39,Male,Mumbai,2024-01-03,Sports,5368,2024-06-02,3,869,22,9536,Card,Medium,0
1369,39,Male,Bangalore,2024-01-04,Home,5369,2024-06-03,1,2318,14,9236,UPI,Medium,0
1370,59,Male,Hyderabad,2024-01-05,Home,5370,2024-06-04,1,2601,18,8813,Cash,Low,1
1371,23,Male,Mumbai,2024-01-06,Home,5371,2024-06-05,3,3990,10,3068,Cash,High,1
1372,32,Female,Hyderabad,2024-01-07,Clothing,5372,2024-06-06,4,2279,14,6753,Card,High,1
1373,54,Male,Hyderabad,2024-01-08,Home,5373,2024-06-07,2,1864,11,8237,Cash,High,0
1374,50,Female,Bangalore,2024-01-09,Clothing,5374,2024-06-08,4,4962,2,8016,UPI,High,0
1375,25,Male,Bangalore,2024-01-10,Sports,5375,2024-06-09,2,3842,16,7191,UPI,Low,0
1376,22,Male,Mumbai,2024-01-11,Home,5376,2024-06-10,1,4176,2,2514,UPI,Medium,0
1377,56,Male,Bangalore,2024-01-12,Home,5377,2024-06-11,4,2926,18,3598,Cash,Low,0
1378,21,Female,Bangalore,2024-01-13,Electronics,5378,2024-06-12,2,572,19,2001,UPI,High,1
1379,23,Male,Mumbai,2024-01-14,Clothing,5379,2024-06-13,3,3462,3,2033,UPI,High,0
1380,49,Female,Bangalore,2024-01-15,Sports,5380,2024-06-14,1,1359,2,7899,UPI,Medium,1
1381,47,Female,Chennai,2024-01-16,Electronics,5381,2024-06-15,3,4356,25,9465,Card,High,0
1382,52,Male,Hyderabad,2024-01-17,Electronics,5382,2024-06-16,1,4638,15,6051,Cash,Low,1
1383,57,Male,Hyderabad,2024-01-18,Sports,5383,2024-06-17,4,2924,11,5476,Cash,Low,1
1384,33,Male,Hyderabad,2024-01-19,Electronics,5384,2024-06-18,4,1564,7,1478,Cash,Medium,1
1385,30,Female,Hyderabad,2024-01-20,Clothing,5385,2024-06-19,1,2717,23,1515,Card,Low,1
1386,59,Male,Mumbai,2024-01-21,Clothing,5386,2024-06-20,1,4517,28,2191,Cash,Low,0
1387,47,Female,Hyderabad,2024-01-22,Home,5387,2024-06-21,1,2759,28,7297,Card,Low,0
1388,36,Female,Hyderabad,2024-01-23,Electronics,5388,2024-06-22,4,4251,16,1271,Card,Low,0
1389,34,Male,Hyderabad,2024-01-24,Home,5389,2024-06-23,2,2586,6,9334,Cash,High,1
1390,36,Male,Hyderabad,2024-01-25,Electronics,5390,2024-06-24,3,868,10,8778,UPI,Low,0
1391,45,Female,Chennai,2024-01-26,Clothing,5391,2024-06-25,3,3304,17,7008,UPI,Medium,0
1392,43,Female,Hyderabad,2024-01-27,Clothing,5392,2024-06-26,4,650,0,8987,Cash,Medium,0
1393,54,Female,Chennai,2024-01-28,Clothing,5393,2024-06-27,3,1634,2,4332,Cash,Low,0
1394,43,Male,Mumbai,2024-01-29,Electronics,5394,2024-06-28,1,3284,3,1787,Card,Medium,1
1395,40,Female,Bangalore,2024-01-30,Clothing,5395,2024-06-29,2,4664,12,7222,Cash,Low,1
1396,26,Male,Hyderabad,2024-01-31,Electronics,5396,2024-06-30,3,2846,5,1622,Card,Medium,0
1397,29,Female,Bangalore,2024-02-01,Home,5397,2024-07-01,2,2750,25,4841,Cash,Medium,0
1398,18,Female,Bangalore,2024-02-02,Electronics,5398,2024-07-02,1,560,13,4676,UPI,Low,0
1399,18,Male,Mumbai,2024-02-03,Home,5399,2024-07-03,3,3510,4,3572,UPI,Low,1
1400,51,Female,Bangalore,2024-02-04,Electronics,5400,2024-07-04,4,4401,15,7915,Cash,High,1
1401,49,Male,Chennai,2024-02-05,Home,5401,2024-07-05,2,1837,14,6033,Card,Low,1
1402,42,Male,Bangalore,2024-02-06,Clothing,5402,2024-07-06,1,1684,14,8788,UPI,Low,0
1403,57,Female,Bangalore,2024-02-07,Home,5403,2024-07-07,2,4926,29,6214,Card,High,1
1404,18,Male,Bangalore,2024-02-08,Clothing,5404,2024-07-08,3,2051,3,5712,Cash,Low,1
1405,33,Male,Hyderabad,2024-02-09,Clothing,5405,2024-07-09,3,4933,7,1066,Cash,Low,1
1406,56,Female,Hyderabad,2024-02-10,Home,5406,2024-07-10,4,2129,26,8533,UPI,High,1
1407,22,Male,Chennai,2024-02-11,Electronics,5407,2024-07-11,1,1827,15,5616,Cash,Low,1
1408,39,Male,Chennai,2024-02-12,Electronics,5408,2024-07-12,1,2026,27,2140,UPI,Low,0
1409,46,Male,Hyderabad,2024-02-13,Sports,5409,2024-07-13,4,2173,15,6730,Card,High,0
1410,20,Female,Chennai,2024-02-14,Electronics,5410,2024-07-14,4,1861,29,8465,UPI,High,0
1411,29,Male,Hyderabad,2024-02-15,Sports,5411,2024-07-15,1,2073,3,5471,UPI,Medium,0
1412,43,Female,Mumbai,2024-02-16,Electronics,5412,2024-07-16,2,3186,12,4339,Card,Low,1
1413,33,Female,Bangalore,2024-02-17,Electronics,5413,2024-07-17,2,4870,25,1548,UPI,Medium,0
1414,54,Male,Bangalore,2024-02-18,Clothing,5414,2024-07-18,4,2866,27,8675,UPI,Medium,0
1415,39,Male,Chennai,2024-02-19,Sports,5415,2024-07-19,2,4257,12,9264,Cash,High,0
1416,46,Male,Hyderabad,2024-02-20,Electronics,5416,2024-07-20,1,2934,1,1198,Card,Low,1
1417,31,Female,Hyderabad,2024-02-21,Sports,5417,2024-07-21,3,2493,2,1571,UPI,Low,0
1418,45,Male,Chennai,2024-02-22,Clothing,5418,2024-07-22,3,1369,21,1790,Card,High,1
1419,22,Male,Hyderabad,2024-02-23,Clothing,5419,2024-07-23,2,1514,7,2174,Card,Medium,1
1420,47,Male,Mumbai,2024-02-24,Sports,5420,2024-07-24,4,2411,23,1178,UPI,High,1
1421,22,Male,Bangalore,2024-02-25,Clothing,5421,2024-07-25,4,1102,14,3244,Cash,Low,0
1422,29,Male,Chennai,2024-02-26,Home,5422,2024-07-26,4,4321,10,5086,Card,High,1
1423,33,Female,Chennai,2024-02-27,Home,5423,2024-07-27,4,1190,8,1734,UPI,Low,0
1424,43,Female,Hyderabad,2024-02-28,Clothing,5424,2024-07-28,4,993,6,7232,Card,Medium,0
1425,43,Male,Chennai,2024-02-29,Home,5425,2024-07-29,2,989,12,1798,Cash,Low,0
1426,38,Male,Mumbai,2024-03-01,Electronics,5426,2024-07-30,3,3056,1,8601,Cash,Medium,1
1427,56,Male,Hyderabad,2024-03-02,Sports,5427,2024-07-31,3,4985,7,9979,Cash,Medium,1
1428,53,Male,Hyderabad,2024-03-03,Electronics,5428,2024-08-01,2,794,6,3795,UPI,Low,0
1429,50,Female,Hyderabad,2024-03-04,Sports,5429,2024-08-02,4,4527,23,5588,UPI,Low,1
1430,47,Male,Hyderabad,2024-03-05,Clothing,5430,2024-08-03,2,3343,11,8297,Cash,Medium,1
1431,54,Female,Mumbai,2024-03-06,Electronics,5431,2024-08-04,3,3412,18,4084,UPI,High,1
1432,40,Female,Hyderabad,2024-03-07,Clothing,5432,2024-08-05,1,2217,6,1731,Cash,Low,0
1433,27,Male,Chennai,2024-03-08,Clothing,5433,2024-08-06,2,3096,9,2129,UPI,Medium,1
1434,22,Female,Mumbai,2024-03-09,Sports,5434,2024-08-07,4,2373,28,2605,Cash,Medium,1
1435,53,Female,Bangalore,2024-03-10,Sports,5435,2024-08-08,3,3758,24,3933,Card,High,0
1436,51,Female,Bangalore,2024-03-11,Sports,5436,2024-08-09,3,3317,15,9516,Cash,Low,1
1437,48,Female,Chennai,2024-03-12,Electronics,5437,2024-08-10,3,944,2,6074,Cash,Medium,0
1438,27,Male,Chennai,2024-03-13,Home,5438,2024-08-11,3,4141,29,8099,UPI,High,1
1439,36,Male,Mumbai,2024-03-14,Sports,5439,2024-08-12,4,4958,9,2490,UPI,Medium,1
1440,49,Female,Bangalore,2024-03-15,Sports,5440,2024-08-13,1,1241,5,1893,UPI,Low,1
1441,18,Male,Bangalore,2024-03-16,Electronics,5441,2024-08-14,3,2541,17,2390,UPI,High,1
1442,22,Male,Bangalore,2024-03-17,Sports,5442,2024-08-15,2,1179,17,4389,UPI,Medium,1
1443,21,Male,Bangalore,2024-03-18,Electronics,5443,2024-08-16,1,2967,4,5239,UPI,High,1
1444,33,Male,Bangalore,2024-03-19,Clothing,5444,2024-08-17,3,4197,20,5479,Card,Low,0
1445,41,Male,Hyderabad,2024-03-20,Sports,5445,2024-08-18,1,1858,28,3263,Cash,High,1
1446,33,Female,Chennai,2024-03-21,Sports,5446,2024-08-19,2,562,6,4432,Cash,Low,1
1447,19,Male,Hyderabad,2024-03-22,Clothing,5447,2024-08-20,3,3059,27,3371,Cash,Medium,1
1448,45,Male,Bangalore,2024-03-23,Clothing,5448,2024-08-21,2,4269,1,5312,Card,Low,0
1449,49,Male,Mumbai,2024-03-24,Clothing,5449,2024-08-22,4,4851,10,2515,Cash,Medium,0
1450,44,Male,Mumbai,2024-03-25,Sports,5450,2024-08-23,3,634,29,7326,Card,Medium,0
1451,37,Female,Bangalore,2024-03-26,Home,5451,2024-08-24,3,4144,12,8088,Card,Low,1
1452,41,Female,Bangalore,2024-03-27,Home,5452,2024-08-25,3,2635,22,6586,Card,Medium,1
1453,29,Female,Mumbai,2024-03-28,Home,5453,2024-08-26,3,3778,4,3917,Cash,High,0
1454,52,Female,Hyderabad,2024-03-29,Sports,5454,2024-08-27,4,1322,29,6731,Card,Medium,0
1455,50,Male,Hyderabad,2024-03-30,Clothing,5455,2024-08-28,3,3574,5,8686,Cash,Low,0
1456,50,Female,Bangalore,2024-03-31,Sports,5456,2024-08-29,1,3481,23,2167,Cash,High,1
1457,54,Male,Hyderabad,2024-04-01,Clothing,5457,2024-08-30,3,620,25,9302,UPI,High,0
1458,29,Male,Mumbai,2024-04-02,Sports,5458,2024-08-31,4,2137,28,6109,UPI,Medium,1
1459,20,Male,Hyderabad,2024-04-03,Sports,5459,2024-09-01,3,1424,13,5327,Card,Medium,1
1460,18,Male,Bangalore,2024-04-04,Clothing,5460,2024-09-02,1,1144,11,6810,Card,Low,1
1461,50,Male,Mumbai,2024-04-05,Home,5461,2024-09-03,4,2532,3,4655,Cash,High,0
1462,57,Female,Hyderabad,2024-04-06,Clothing,5462,2024-09-04,4,3261,28,4793,Card,Low,1
1463,27,Female,Chennai,2024-04-07,Electronics,5463,2024-09-05,1,2568,22,7738,Card,Medium,0
1464,46,Female,Mumbai,2024-04-08,Electronics,5464,2024-09-06,1,741,5,2577,Cash,High,0
1465,30,Female,Mumbai,2024-04-09,Clothing,5465,2024-09-07,1,3168,9,3220,Card,Low,0
1466,29,Male,Chennai,2024-04-10,Sports,5466,2024-09-08,1,1302,17,2030,Card,Low,0
1467,48,Female,Chennai,2024-04-11,Electronics,5467,2024-09-09,1,4664,14,7691,Cash,Low,1
1468,19,Male,Mumbai,2024-04-12,Electronics,5468,2024-09-10,4,695,7,4992,Cash,Low,1
1469,52,Female,Chennai,2024-04-13,Sports,5469,2024-09-11,4,2687,25,1913,UPI,Low,1
1470,40,Male,Bangalore,2024-04-14,Sports,5470,2024-09-12,3,4015,8,7358,Cash,High,1
1471,34,Male,Bangalore,2024-04-15,Home,5471,2024-09-13,3,2830,4,3181,UPI,Low,0
1472,43,Female,Bangalore,2024-04-16,Sports,5472,2024-09-14,2,2859,9,4197,Card,High,0
1473,25,Male,Mumbai,2024-04-17,Clothing,5473,2024-09-15,3,4106,19,7040,Cash,Low,0
1474,46,Male,Chennai,2024-04-18,Clothing,5474,2024-09-16,3,776,5,2462,Cash,Medium,0
1475,43,Female,Chennai,2024-04-19,Home,5475,2024-09-17,1,560,15,8037,Cash,Medium,1
1476,27,Male,Hyderabad,2024-04-20,Electronics,5476,2024-09-18,1,3890,23,5994,Card,Low,0
1477,43,Female,Hyderabad,2024-04-21,Electronics,5477,2024-09-19,3,2413,26,6308,UPI,Medium,1
1478,51,Female,Chennai,2024-04-22,Sports,5478,2024-09-20,2,4427,2,7221,Card,High,0
1479,58,Female,Chennai,2024-04-23,Clothing,5479,2024-09-21,1,3091,9,8090,Card,Low,0
1480,24,Male,Chennai,2024-04-24,Electronics,5480,2024-09-22,3,1066,10,8769,Cash,High,0
1481,21,Male,Mumbai,2024-04-25,Home,5481,2024-09-23,3,4435,10,1687,UPI,Low,0
1482,28,Male,Chennai,2024-04-26,Home,5482,2024-09-24,4,2071,16,5661,Card,Medium,1
1483,46,Female,Hyderabad,2024-04-27,Clothing,5483,2024-09-25,2,1700,3,2894,Cash,High,1
1484,53,Male,Mumbai,2024-04-28,Home,5484,2024-09-26,4,4909,3,8389,Card,Medium,1
1485,42,Female,Chennai,2024-04-29,Home,5485,2024-09-27,2,3354,16,5922,Card,Medium,1
1486,38,Female,Hyderabad,2024-04-30,Clothing,5486,2024-09-28,1,3395,8,7322,Cash,Low,0
1487,53,Male,Mumbai,2024-05-01,Sports,5487,2024-09-29,2,1736,18,4183,Cash,High,0
1488,27,Female,Chennai,2024-05-02,Sports,5488,2024-09-30,3,636,4,4797,UPI,Medium,1
1489,54,Male,Chennai,2024-05-03,Home,5489,2024-10-01,3,1529,21,6178,Card,Low,1
1490,26,Male,Chennai,2024-05-04,Sports,5490,2024-10-02,2,2656,23,4968,Cash,Low,0
1491,41,Male,Mumbai,2024-05-05,Sports,5491,2024-10-03,2,3094,5,3716,Cash,Low,0
1492,52,Male,Hyderabad,2024-05-06,Home,5492,2024-10-04,2,1161,2,1190,UPI,Medium,1
1493,52,Male,Hyderabad,2024-05-07,Sports,5493,2024-10-05,4,2972,21,2335,UPI,Low,1
1494,53,Female,Bangalore,2024-05-08,Home,5494,2024-10-06,2,3177,0,9181,Cash,High,1
1495,35,Female,Chennai,2024-05-09,Electronics,5495,2024-10-07,1,2808,19,1378,UPI,High,0
1496,56,Female,Bangalore,2024-05-10,Clothing,5496,2024-10-08,4,586,21,4829,Cash,Medium,1
1497,49,Male,Bangalore,2024-05-11,Clothing,5497,2024-10-09,4,3012,15,7380,Card,High,1
1498,41,Male,Hyderabad,2024-05-12,Sports,5498,2024-10-10,2,3442,22,1615,UPI,Low,1
1499,40,Male,Mumbai,2024-05-13,Sports,5499,2024-10-11,1,3273,10,3330,Card,Medium,1
1500,49,Female,Mumbai,2024-05-14,Sports,5500,2024-10-12,4,3004,12,2754,Card,Low,1
1501,54,Male,Hyderabad,2024-05-15,Clothing,5501,2024-10-13,3,3810,26,1463,Card,Medium,0
1502,29,Female,Mumbai,2024-05-16,Electronics,5502,2024-10-14,4,2200,9,5267,Cash,Medium,1
1503,30,Female,Bangalore,2024-05-17,Electronics,5503,2024-10-15,2,4170,2,4158,Card,Low,0
1504,40,Male,Chennai,2024-05-18,Clothing,5504,2024-10-16,1,3200,8,4624,Card,High,1
1505,42,Male,Hyderabad,2024-05-19,Electronics,5505,2024-10-17,2,4129,27,5938,Card,High,1
1506,52,Female,Chennai,2024-05-20,Clothing,5506,2024-10-18,3,2147,11,6417,Cash,Medium,1
1507,58,Male,Mumbai,2024-05-21,Electronics,5507,2024-10-19,3,3818,22,7004,Card,Low,0
1508,47,Female,Chennai,2024-05-22,Home,5508,2024-10-20,3,4187,13,9881,Card,Low,0
1509,34,Male,Mumbai,2024-05-23,Home,5509,2024-10-21,2,1096,0,6603,UPI,Medium,0
1510,37,Male,Mumbai,2024-05-24,Clothing,5510,2024-10-22,4,984,17,3212,Cash,High,1
1511,42,Female,Bangalore,2024-05-25,Electronics,5511,2024-10-23,2,1145,16,7120,Card,Low,1
1512,39,Male,Mumbai,2024-05-26,Sports,5512,2024-10-24,1,3589,26,6818,UPI,High,0
1513,30,Female,Bangalore,2024-05-27,Electronics,5513,2024-10-25,4,4884,8,1382,Cash,High,0
1514,36,Male,Bangalore,2024-05-28,Home,5514,2024-10-26,3,1220,8,3256,Cash,Medium,1
1515,53,Female,Bangalore,2024-05-29,Home,5515,2024-10-27,2,998,22,2412,Cash,Medium,0
1516,29,Female,Hyderabad,2024-05-30,Electronics,5516,2024-10-28,3,2173,9,7146,Cash,High,1
1517,58,Male,Hyderabad,2024-05-31,Electronics,5517,2024-10-29,3,3567,18,1371,Cash,Low,0
1518,36,Female,Mumbai,2024-06-01,Sports,5518,2024-10-30,1,614,28,6806,Cash,Low,0
1519,29,Male,Bangalore,2024-06-02,Sports,5519,2024-10-31,4,3479,14,6565,Card,Medium,0
1520,26,Male,Hyderabad,2024-06-03,Electronics,5520,2024-11-01,1,2236,4,9802,Card,High,1
1521,24,Male,Bangalore,2024-06-04,Electronics,5521,2024-11-02,1,4111,14,9307,Card,Low,1
1522,45,Female,Chennai,2024-06-05,Electronics,5522,2024-11-03,1,2753,19,8437,Card,Low,0
1523,31,Female,Chennai,2024-06-06,Electronics,5523,2024-11-04,3,2794,22,1446,UPI,Medium,1
1524,48,Male,Chennai,2024-06-07,Clothing,5524,2024-11-05,1,4130,29,2391,Card,High,1
1525,36,Male,Mumbai,2024-06-08,Electronics,5525,2024-11-06,1,646,24,2340,Cash,Low,1
1526,33,Female,Bangalore,2024-06-09,Sports,5526,2024-11-07,4,4482,27,3939,Card,Medium,1
1527,22,Male,Chennai,2024-06-10,Home,5527,2024-11-08,4,3953,1,6969,Card,Low,0
1528,52,Male,Hyderabad,2024-06-11,Clothing,5528,2024-11-09,1,2910,12,5813,Cash,Low,1
1529,29,Female,Chennai,2024-06-12,Electronics,5529,2024-11-10,4,636,23,4569,Card,Low,1
1530,42,Male,Chennai,2024-06-13,Home,5530,2024-11-11,4,3860,15,6454,Card,Medium,0
1531,38,Female,Chennai,2024-06-14,Clothing,5531,2024-11-12,1,3505,14,4150,Card,High,1
1532,53,Male,Mumbai,2024-06-15,Home,5532,2024-11-13,3,4052,24,7414,UPI,Medium,1
1533,40,Female,Hyderabad,2024-06-16,Electronics,5533,2024-11-14,1,518,9,5657,Card,High,1
1534,33,Male,Bangalore,2024-06-17,Electronics,5534,2024-11-15,4,2742,13,7947,Cash,Low,0
1535,56,Male,Hyderabad,2024-06-18,Sports,5535,2024-11-16,3,948,9,8943,Cash,High,0
1536,59,Female,Bangalore,2024-06-19,Electronics,5536,2024-11-17,2,2448,24,4662,Card,Low,1
1537,56,Male,Mumbai,2024-06-20,Electronics,5537,2024-11-18,3,1445,13,5482,Card,Low,1
1538,31,Female,Mumbai,2024-06-21,Clothing,5538,2024-11-19,4,4736,25,5797,Card,Medium,0
1539,48,Male,Mumbai,2024-06-22,Sports,5539,2024-11-20,3,2420,29,6068,Cash,Low,0
1540,22,Female,Mumbai,2024-06-23,Clothing,5540,2024-11-21,1,3477,22,6480,Cash,Medium,0
1541,52,Female,Bangalore,2024-06-24,Home,5541,2024-11-22,2,4688,8,9033,UPI,High,1
1542,40,Female,Chennai,2024-06-25,Electronics,5542,2024-11-23,2,4515,24,1983,UPI,High,1
1543,46,Female,Bangalore,2024-06-26,Home,5543,2024-11-24,2,738,13,6607,UPI,Low,0
1544,28,Male,Hyderabad,2024-06-27,Clothing,5544,2024-11-25,4,704,2,9543,Cash,Medium,1
1545,35,Male,Mumbai,2024-06-28,Electronics,5545,2024-11-26,4,3107,19,2907,UPI,Low,1
1546,29,Female,Mumbai,2024-06-29,Electronics,5546,2024-11-27,2,4840,15,7924,Card,Medium,1
1547,26,Female,Hyderabad,2024-06-30,Clothing,5547,2024-11-28,3,3888,1,9737,Card,Medium,1
1548,27,Female,Bangalore,2024-07-01,Clothing,5548,2024-11-29,2,3472,9,5174,Cash,Medium,1
1549,34,Male,Chennai,2024-07-02,Clothing,5549,2024-11-30,3,4890,2,8265,UPI,High,1
1550,55,Male,Chennai,2024-07-03,Clothing,5550,2024-12-01,3,3187,10,2990,Card,Medium,1
1551,24,Male,Hyderabad,2024-07-04,Clothing,5551,2024-12-02,4,4666,10,6596,Cash,High,0
1552,30,Male,Chennai,2024-07-05,Electronics,5552,2024-12-03,3,1848,20,4998,UPI,Medium,0
1553,57,Female,Bangalore,2024-07-06,Clothing,5553,2024-12-04,2,4900,20,4775,Card,High,0
1554,59,Female,Bangalore,2024-07-07,Electronics,5554,2024-12-05,4,1316,21,5645,UPI,High,0
1555,26,Female,Hyderabad,2024-07-08,Electronics,5555,2024-12-06,1,1320,12,3061,Cash,High,0
1556,44,Male,Bangalore,2024-07-09,Clothing,5556,2024-12-07,1,692,6,5487,UPI,Low,0
1557,19,Male,Mumbai,2024-07-10,Clothing,5557,2024-12-08,4,2276,22,5435,Cash,Medium,0
1558,22,Male,Hyderabad,2024-07-11,Sports,5558,2024-12-09,2,4145,16,3644,UPI,Low,0
1559,46,Female,Bangalore,2024-07-12,Electronics,5559,2024-12-10,1,750,29,2045,Card,Medium,0
1560,54,Female,Hyderabad,2024-07-13,Clothing,5560,2024-12-11,1,2288,1,8951,Cash,Medium,1
1561,55,Male,Chennai,2024-07-14,Clothing,5561,2024-12-12,3,4200,11,7449,Cash,Low,1
1562,36,Female,Bangalore,2024-07-15,Clothing,5562,2024-12-13,3,2963,24,3681,Cash,High,0
1563,25,Male,Mumbai,2024-07-16,Sports,5563,2024-12-14,2,1667,9,4199,UPI,Medium,1
1564,18,Male,Bangalore,2024-07-17,Sports,5564,2024-12-15,4,4393,17,7768,UPI,High,1
1565,39,Female,Hyderabad,2024-07-18,Home,5565,2024-12-16,2,1596,21,8440,Card,Low,0
1566,34,Male,Hyderabad,2024-07-19,Electronics,5566,2024-12-17,4,3179,26,9633,Cash,High,0
1567,24,Female,Bangalore,2024-07-20,Home,5567,2024-12-18,1,2347,10,3550,Cash,Medium,0
1568,42,Male,Mumbai,2024-07-21,Clothing,5568,2024-12-19,3,4404,15,5225,UPI,Medium,1
1569,21,Female,Mumbai,2024-07-22,Sports,5569,2024-12-20,2,1004,16,1596,UPI,Medium,1
1570,53,Female,Mumbai,2024-07-23,Sports,5570,2024-12-21,2,2121,18,7054,Card,Low,0
1571,23,Female,Hyderabad,2024-07-24,Home,5571,2024-12-22,4,2972,17,2505,Card,Medium,1
1572,48,Male,Bangalore,2024-07-25,Sports,5572,2024-12-23,4,3046,2,7468,UPI,Low,1
1573,36,Male,Chennai,2024-07-26,Clothing,5573,2024-12-24,2,1887,20,8236,Cash,High,1
1574,56,Female,Hyderabad,2024-07-27,Sports,5574,2024-12-25,4,3494,26,2551,Card,Medium,0
1575,44,Female,Mumbai,2024-07-28,Home,5575,2024-12-26,2,4316,25,7852,UPI,Medium,1
1576,27,Male,Bangalore,2024-07-29,Clothing,5576,2024-12-27,2,1217,15,2449,UPI,Medium,1
1577,43,Male,Mumbai,2024-07-30,Home,5577,2024-12-28,2,3984,5,6953,Cash,High,1
1578,36,Male,Chennai,2024-07-31,Sports,5578,2024-12-29,1,4934,24,9456,UPI,Medium,1
1579,56,Female,Mumbai,2024-08-01,Home,5579,2024-12-30,4,1158,11,9042,UPI,Low,1
1580,20,Male,Mumbai,2024-08-02,Home,5580,2024-12-31,3,4508,10,3659,Card,High,1
1581,30,Male,Chennai,2024-08-03,Electronics,5581,2025-01-01,3,4734,14,8509,UPI,High,1
1582,45,Female,Bangalore,2024-08-04,Sports,5582,2025-01-02,4,4264,14,8893,UPI,High,0
1583,37,Male,Hyderabad,2024-08-05,Sports,5583,2025-01-03,2,3489,15,8445,Card,High,0
1584,45,Male,Bangalore,2024-08-06,Home,5584,2025-01-04,3,2604,9,3721,Cash,High,1
1585,25,Male,Chennai,2024-08-07,Electronics,5585,2025-01-05,3,1755,11,3925,Cash,Low,0
1586,58,Female,Mumbai,2024-08-08,Sports,5586,2025-01-06,4,2982,27,8104,Card,High,1
1587,56,Female,Bangalore,2024-08-09,Clothing,5587,2025-01-07,3,883,12,7240,Card,Medium,1
1588,18,Female,Hyderabad,2024-08-10,Home,5588,2025-01-08,2,3107,3,1512,Cash,High,1
1589,20,Female,Chennai,2024-08-11,Sports,5589,2025-01-09,4,693,6,1215,Cash,High,0
1590,30,Female,Bangalore,2024-08-12,Clothing,5590,2025-01-10,2,4307,21,8299,Cash,High,1
1591,45,Female,Hyderabad,2024-08-13,Sports,5591,2025-01-11,3,4219,1,4153,Cash,High,1
1592,42,Female,Chennai,2024-08-14,Clothing,5592,2025-01-12,3,3081,25,8450,Cash,High,0
1593,50,Male,Hyderabad,2024-08-15,Home,5593,2025-01-13,2,3065,26,2706,Card,Low,0
1594,55,Male,Chennai,2024-08-16,Sports,5594,2025-01-14,1,3263,26,2567,UPI,Low,1
1595,23,Female,Mumbai,2024-08-17,Sports,5595,2025-01-15,3,3298,26,2128,Cash,High,0
1596,49,Male,Bangalore,2024-08-18,Electronics,5596,2025-01-16,1,2839,14,4510,Cash,Low,0
1597,38,Male,Hyderabad,2024-08-19,Home,5597,2025-01-17,3,3906,7,8867,UPI,Medium,1
1598,33,Female,Chennai,2024-08-20,Clothing,5598,2025-01-18,1,1231,6,3365,UPI,High,1
1599,38,Male,Hyderabad,2024-08-21,Sports,5599,2025-01-19,1,3372,14,6583,UPI,Medium,1
1600,28,Male,Hyderabad,2024-08-22,Sports,5600,2025-01-20,1,3620,22,5897,UPI,Medium,0
1601,54,Male,Bangalore,2024-08-23,Clothing,5601,2025-01-21,2,4677,13,6718,UPI,High,0
1602,53,Male,Mumbai,2024-08-24,Home,5602,2025-01-22,1,3104,7,7001,UPI,Medium,0
1603,52,Male,Hyderabad,2024-08-25,Electronics,5603,2025-01-23,1,2882,27,5567,Card,Medium,1
1604,36,Female,Chennai,2024-08-26,Electronics,5604,2025-01-24,1,1031,11,3741,UPI,Medium,0
1605,37,Female,Chennai,2024-08-27,Sports,5605,2025-01-25,3,4816,12,4020,UPI,High,0
1606,35,Female,Mumbai,2024-08-28,Clothing,5606,2025-01-26,1,1134,29,7256,Card,High,1
1607,58,Male,Chennai,2024-08-29,Sports,5607,2025-01-27,3,2269,10,1228,UPI,Medium,1
1608,31,Female,Mumbai,2024-08-30,Clothing,5608,2025-01-28,1,4304,16,9362,Cash,High,1
1609,32,Male,Chennai,2024-08-31,Electronics,5609,2025-01-29,1,2870,28,1294,Cash,High,0
1610,48,Male,Bangalore,2024-09-01,Home,5610,2025-01-30,2,502,16,5284,UPI,Medium,1
1611,18,Male,Hyderabad,2024-09-02,Clothing,5611,2025-01-31,3,705,23,9617,Card,High,0
1612,20,Male,Bangalore,2024-09-03,Electronics,5612,2025-02-01,1,4635,3,7801,Cash,Low,0
1613,33,Female,Hyderabad,2024-09-04,Sports,5613,2025-02-02,3,3121,20,1918,Card,High,1
1614,40,Female,Hyderabad,2024-09-05,Clothing,5614,2025-02-03,3,3390,7,1498,Cash,Low,1
1615,28,Male,Hyderabad,2024-09-06,Home,5615,2025-02-04,4,3693,4,3809,UPI,Medium,1
1616,29,Female,Bangalore,2024-09-07,Sports,5616,2025-02-05,2,3166,25,5961,Card,High,1
1617,27,Male,Hyderabad,2024-09-08,Sports,5617,2025-02-06,2,3806,15,4779,Card,Medium,1
1618,49,Female,Bangalore,2024-09-09,Electronics,5618,2025-02-07,2,1397,3,3118,Card,Medium,0
1619,33,Female,Mumbai,2024-09-10,Clothing,5619,2025-02-08,4,1585,27,7391,Cash,Medium,0
1620,25,Male,Chennai,2024-09-11,Sports,5620,2025-02-09,4,1779,21,1145,Cash,Medium,0
1621,55,Female,Chennai,2024-09-12,Home,5621,2025-02-10,2,1170,28,8942,Cash,Medium,1
1622,29,Male,Hyderabad,2024-09-13,Clothing,5622,2025-02-11,4,2005,14,5565,UPI,High,0
1623,41,Female,Bangalore,2024-09-14,Home,5623,2025-02-12,4,4075,11,1192,Cash,Low,1
1624,45,Male,Chennai,2024-09-15,Sports,5624,2025-02-13,4,2455,4,6187,UPI,High,1
1625,25,Male,Bangalore,2024-09-16,Home,5625,2025-02-14,2,749,29,7637,Card,High,0
1626,45,Female,Bangalore,2024-09-17,Electronics,5626,2025-02-15,2,2392,22,9243,Card,High,0
1627,53,Female,Hyderabad,2024-09-18,Home,5627,2025-02-16,2,3939,15,3410,UPI,High,1
1628,43,Male,Chennai,2024-09-19,Clothing,5628,2025-02-17,4,2353,13,2820,Cash,Low,0
1629,25,Female,Hyderabad,2024-09-20,Home,5629,2025-02-18,2,3354,9,3964,UPI,High,1
1630,45,Female,Hyderabad,2024-09-21,Home,5630,2025-02-19,4,2003,6,3521,Card,Medium,0
1631,45,Male,Chennai,2024-09-22,Electronics,5631,2025-02-20,1,3885,12,3568,Card,High,0
1632,54,Male,Chennai,2024-09-23,Home,5632,2025-02-21,4,4071,19,6882,UPI,High,0
1633,58,Female,Mumbai,2024-09-24,Home,5633,2025-02-22,3,4292,27,2867,Cash,Low,0
1634,53,Male,Mumbai,2024-09-25,Sports,5634,2025-02-23,2,3926,28,8465,Cash,Low,0
1635,44,Male,Bangalore,2024-09-26,Sports,5635,2025-02-24,2,543,4,8602,UPI,Medium,1
1636,34,Male,Chennai,2024-09-27,Clothing,5636,2025-02-25,3,4112,28,4199,UPI,High,0
1637,26,Female,Mumbai,2024-09-28,Sports,5637,2025-02-26,4,3118,2,7103,Cash,High,0
1638,50,Female,Bangalore,2024-09-29,Sports,5638,2025-02-27,1,3663,14,1240,Card,High,0
1639,37,Male,Bangalore,2024-09-30,Sports,5639,2025-02-28,3,1788,3,4440,UPI,Medium,1
1640,30,Female,Bangalore,2024-10-01,Sports,5640,2025-03-01,3,3442,14,5631,Cash,Low,1
1641,45,Male,Mumbai,2024-10-02,Electronics,5641,2025-03-02,4,719,13,9274,Cash,Medium,1
1642,46,Female,Chennai,2024-10-03,Sports,5642,2025-03-03,2,2425,19,6077,Card,High,1
1643,30,Male,Hyderabad,2024-10-04,Electronics,5643,2025-03-04,4,3472,18,4768,Card,Low,1
1644,52,Male,Bangalore,2024-10-05,Electronics,5644,2025-03-05,3,4013,12,8995,Card,Low,0
1645,23,Female,Mumbai,2024-10-06,Sports,5645,2025-03-06,3,2948,9,9802,Card,Medium,0
1646,35,Male,Mumbai,2024-10-07,Home,5646,2025-03-07,2,3971,20,7429,Card,Low,0
1647,22,Female,Hyderabad,2024-10-08,Electronics,5647,2025-03-08,2,3274,4,4605,UPI,Low,1
1648,42,Female,Hyderabad,2024-10-09,Home,5648,2025-03-09,2,1490,26,3173,Cash,High,1
1649,19,Male,Mumbai,2024-10-10,Home,5649,2025-03-10,4,3446,22,7568,UPI,High,0
1650,27,Male,Chennai,2024-10-11,Sports,5650,2025-03-11,2,2312,19,3601,UPI,Low,1
1651,47,Female,Hyderabad,2024-10-12,Clothing,5651,2025-03-12,3,1303,28,3657,UPI,Low,1
1652,22,Male,Mumbai,2024-10-13,Sports,5652,2025-03-13,3,989,19,7080,UPI,Medium,1
1653,50,Male,Hyderabad,2024-10-14,Clothing,5653,2025-03-14,1,4056,24,8325,UPI,Medium,0
1654,18,Male,Chennai,2024-10-15,Clothing,5654,2025-03-15,4,1993,5,3159,Card,Low,0
1655,35,Male,Bangalore,2024-10-16,Sports,5655,2025-03-16,1,4145,3,4830,Card,High,1
1656,49,Male,Hyderabad,2024-10-17,Sports,5656,2025-03-17,3,3391,1,9313,Cash,Low,1
1657,28,Female,Chennai,2024-10-18,Clothing,5657,2025-03-18,1,2205,21,5368,UPI,Low,1
1658,38,Female,Mumbai,2024-10-19,Sports,5658,2025-03-19,3,4016,15,2317,Cash,High,1
1659,43,Male,Hyderabad,2024-10-20,Clothing,5659,2025-03-20,1,3840,17,5493,Card,High,0
1660,42,Male,Hyderabad,2024-10-21,Home,5660,2025-03-21,2,553,4,2230,Card,Medium,1
1661,39,Male,Mumbai,2024-10-22,Sports,5661,2025-03-22,1,3075,21,2133,Card,Medium,0
1662,44,Female,Bangalore,2024-10-23,Home,5662,2025-03-23,2,4091,3,8607,UPI,Medium,0
1663,30,Male,Mumbai,2024-10-24,Electronics,5663,2025-03-24,2,1115,29,2301,UPI,Medium,0
1664,50,Female,Hyderabad,2024-10-25,Home,5664,2025-03-25,4,1454,12,2910,Card,High,1
1665,51,Female,Mumbai,2024-10-26,Home,5665,2025-03-26,2,2933,18,9082,Cash,Low,0
1666,58,Female,Chennai,2024-10-27,Clothing,5666,2025-03-27,2,2129,22,9107,Cash,Medium,0
1667,52,Male,Mumbai,2024-10-28,Home,5667,2025-03-28,1,3281,1,8970,Card,Medium,1
1668,18,Female,Hyderabad,2024-10-29,Sports,5668,2025-03-29,3,1149,12,2916,Cash,High,1
1669,38,Male,Mumbai,2024-10-30,Clothing,5669,2025-03-30,4,2847,10,7996,Card,High,1
1670,23,Female,Bangalore,2024-10-31,Electronics,5670,2025-03-31,2,4990,29,3757,Cash,Low,0
1671,45,Male,Mumbai,2024-11-01,Sports,5671,2025-04-01,4,3778,21,7464,Card,Low,1
1672,34,Female,Bangalore,2024-11-02,Electronics,5672,2025-04-02,1,3140,28,1178,Cash,High,0
1673,22,Male,Chennai,2024-11-03,Home,5673,2025-04-03,2,4301,3,7362,UPI,Medium,0
1674,48,Female,Bangalore,2024-11-04,Sports,5674,2025-04-04,1,3061,21,9683,Card,Medium,1
1675,22,Male,Mumbai,2024-11-05,Sports,5675,2025-04-05,4,3749,19,1060,Card,Medium,0
1676,55,Male,Hyderabad,2024-11-06,Electronics,5676,2025-04-06,1,870,19,7681,Cash,Low,0
1677,20,Male,Bangalore,2024-11-07,Sports,5677,2025-04-07,4,1357,14,3895,Card,Medium,0
1678,40,Male,Chennai,2024-11-08,Sports,5678,2025-04-08,1,883,3,1585,Card,Medium,0
1679,54,Female,Bangalore,2024-11-09,Sports,5679,2025-04-09,4,4377,8,6823,Card,High,1
1680,54,Female,Bangalore,2024-11-10,Home,5680,2025-04-10,3,3052,6,1534,UPI,Medium,0
1681,27,Male,Bangalore,2024-11-11,Electronics,5681,2025-04-11,1,4834,18,4462,UPI,High,1
1682,27,Female,Chennai,2024-11-12,Sports,5682,2025-04-12,1,4790,18,5011,Cash,Medium,0
1683,36,Male,Mumbai,2024-11-13,Clothing,5683,2025-04-13,3,3225,5,4398,UPI,Low,0
1684,34,Male,Bangalore,2024-11-14,Clothing,5684,2025-04-14,3,4534,5,3155,Cash,Medium,1
1685,38,Female,Bangalore,2024-11-15,Clothing,5685,2025-04-15,1,3793,19,6966,UPI,Medium,0
1686,31,Male,Hyderabad,2024-11-16,Clothing,5686,2025-04-16,3,4751,14,8329,Cash,High,0
1687,26,Male,Chennai,2024-11-17,Home,5687,2025-04-17,2,4488,14,7957,UPI,High,0
1688,18,Female,Bangalore,2024-11-18,Sports,5688,2025-04-18,4,1422,24,6325,UPI,High,0
1689,30,Male,Chennai,2024-11-19,Electronics,5689,2025-04-19,4,3415,19,9518,Cash,Medium,0
1690,21,Male,Bangalore,2024-11-20,Sports,5690,2025-04-20,4,3450,8,5703,Card,Medium,0
1691,18,Male,Mumbai,2024-11-21,Home,5691,2025-04-21,2,3546,3,3706,Card,Low,1
1692,57,Male,Mumbai,2024-11-22,Clothing,5692,2025-04-22,3,1474,17,1001,UPI,Medium,1
1693,49,Female,Bangalore,2024-11-23,Home,5693,2025-04-23,3,1730,17,9316,Cash,Low,1
1694,51,Female,Mumbai,2024-11-24,Sports,5694,2025-04-24,1,2935,4,2104,Card,High,0
1695,45,Female,Bangalore,2024-11-25,Electronics,5695,2025-04-25,3,2314,19,2861,Cash,High,0
1696,48,Male,Mumbai,2024-11-26,Home,5696,2025-04-26,1,3434,22,6269,Card,High,0
1697,25,Male,Hyderabad,2024-11-27,Electronics,5697,2025-04-27,2,1863,29,7943,Cash,Low,1
1698,56,Female,Hyderabad,2024-11-28,Home,5698,2025-04-28,4,4440,10,9320,UPI,Medium,0
1699,43,Male,Hyderabad,2024-11-29,Electronics,5699,2025-04-29,4,703,4,1437,Cash,High,1
1700,51,Male,Chennai,2024-11-30,Electronics,5700,2025-04-30,4,660,21,5846,Card,Medium,0
1701,20,Male,Chennai,2024-12-01,Clothing,5701,2025-05-01,3,4987,25,4129,UPI,Medium,0
1702,29,Male,Hyderabad,2024-12-02,Electronics,5702,2025-05-02,1,1268,3,9081,Cash,High,0
1703,18,Female,Chennai,2024-12-03,Clothing,5703,2025-05-03,1,4248,28,1901,Card,Low,1
1704,22,Female,Mumbai,2024-12-04,Sports,5704,2025-05-04,2,3081,11,6398,UPI,Medium,0
1705,47,Female,Bangalore,2024-12-05,Sports,5705,2025-05-05,3,1593,1,7678,Cash,High,1
1706,47,Male,Bangalore,2024-12-06,Clothing,5706,2025-05-06,2,1107,12,6529,Card,Medium,0
1707,34,Female,Bangalore,2024-12-07,Clothing,5707,2025-05-07,1,2040,9,7604,Cash,Medium,0
1708,40,Female,Hyderabad,2024-12-08,Home,5708,2025-05-08,1,3375,8,4918,Cash,Medium,1
1709,32,Male,Chennai,2024-12-09,Home,5709,2025-05-09,4,3691,9,2067,UPI,Medium,0
1710,54,Male,Mumbai,2024-12-10,Home,5710,2025-05-10,3,2337,6,1026,UPI,Medium,0
1711,38,Female,Mumbai,2024-12-11,Sports,5711,2025-05-11,1,1189,3,7937,Card,Low,0
1712,31,Female,Hyderabad,2024-12-12,Home,5712,2025-05-12,4,4259,18,8264,UPI,Low,0
1713,19,Female,Mumbai,2024-12-13,Electronics,5713,2025-05-13,3,3449,9,8118,Card,High,1
1714,28,Female,Mumbai,2024-12-14,Electronics,5714,2025-05-14,2,2603,29,1547,Cash,Low,1
1715,56,Male,Mumbai,2024-12-15,Home,5715,2025-05-15,3,865,2,9758,Cash,Low,0
1716,55,Female,Mumbai,2024-12-16,Electronics,5716,2025-05-16,3,4075,24,9895,Card,Low,0
1717,51,Female,Chennai,2024-12-17,Sports,5717,2025-05-17,1,4699,20,6338,Cash,Medium,1
1718,55,Male,Mumbai,2024-12-18,Electronics,5718,2025-05-18,1,4672,28,4140,UPI,Medium,0
1719,51,Female,Bangalore,2024-12-19,Sports,5719,2025-05-19,3,4825,18,8996,Cash,High,1
1720,35,Male,Hyderabad,2024-12-20,Clothing,5720,2025-05-20,1,2878,20,2590,UPI,High,0
1721,47,Male,Chennai,2024-12-21,Clothing,5721,2025-05-21,1,1705,1,8776,Card,High,1
1722,32,Male,Mumbai,2024-12-22,Clothing,5722,2025-05-22,1,4339,26,5943,Card,Medium,1
1723,44,Female,Chennai,2024-12-23,Clothing,5723,2025-05-23,4,3235,19,9997,Cash,Low,1
1724,51,Female,Mumbai,2024-12-24,Electronics,5724,2025-05-24,4,3847,9,8798,Cash,Low,1
1725,55,Male,Bangalore,2024-12-25,Home,5725,2025-05-25,3,2175,1,4791,UPI,Medium,0
1726,50,Female,Hyderabad,2024-12-26,Electronics,5726,2025-05-26,1,798,1,2357,UPI,High,0
1727,41,Female,Mumbai,2024-12-27,Sports,5727,2025-05-27,4,1456,27,9092,Cash,High,1
1728,32,Male,Mumbai,2024-12-28,Electronics,5728,2025-05-28,3,1614,23,4225,Cash,High,1
1729,47,Male,Mumbai,2024-12-29,Electronics,5729,2025-05-29,1,3005,16,3460,Card,Medium,1
1730,59,Female,Mumbai,2024-12-30,Sports,5730,2025-05-30,2,1974,15,9737,Card,High,1
1731,34,Male,Hyderabad,2024-12-31,Clothing,5731,2025-05-31,1,4960,15,3728,Card,High,0
1732,22,Female,Hyderabad,2025-01-01,Clothing,5732,2025-06-01,1,4946,13,7726,Cash,Medium,1
1733,46,Female,Bangalore,2025-01-02,Clothing,5733,2025-06-02,4,4226,6,8481,Cash,Low,1
1734,21,Female,Hyderabad,2025-01-03,Home,5734,2025-06-03,3,3971,20,7430,Cash,Medium,1
1735,27,Female,Mumbai,2025-01-04,Sports,5735,2025-06-04,3,3328,10,4114,Card,Medium,1
1736,34,Male,Bangalore,2025-01-05,Sports,5736,2025-06-05,4,3350,23,1616,Cash,Medium,1
1737,27,Male,Bangalore,2025-01-06,Electronics,5737,2025-06-06,1,3006,0,4644,UPI,Medium,1
1738,34,Male,Bangalore,2025-01-07,Home,5738,2025-06-07,2,4270,10,7413,Cash,Low,1
1739,37,Male,Mumbai,2025-01-08,Clothing,5739,2025-06-08,1,3464,22,2203,Cash,High,0
1740,41,Female,Chennai,2025-01-09,Home,5740,2025-06-09,1,1449,20,3565,Cash,Medium,1
1741,22,Female,Mumbai,2025-01-10,Sports,5741,2025-06-10,2,3350,3,4174,Cash,Low,1
1742,51,Male,Hyderabad,2025-01-11,Sports,5742,2025-06-11,4,665,6,4081,Cash,High,1
1743,23,Female,Hyderabad,2025-01-12,Electronics,5743,2025-06-12,3,3986,25,3630,UPI,High,0
1744,19,Female,Mumbai,2025-01-13,Electronics,5744,2025-06-13,4,3009,14,4161,UPI,High,0
1745,30,Female,Mumbai,2025-01-14,Sports,5745,2025-06-14,4,1419,17,5321,Cash,Medium,0
1746,28,Male,Bangalore,2025-01-15,Clothing,5746,2025-06-15,1,613,11,9861,Card,Medium,1
1747,40,Male,Mumbai,2025-01-16,Clothing,5747,2025-06-16,3,4004,16,7269,Cash,High,1
1748,33,Male,Bangalore,2025-01-17,Home,5748,2025-06-17,3,1491,0,8099,Cash,High,1
1749,48,Female,Hyderabad,2025-01-18,Sports,5749,2025-06-18,4,4339,10,8376,Cash,High,0
1750,28,Male,Bangalore,2025-01-19,Sports,5750,2025-06-19,2,1758,27,5078,Card,High,1
1751,33,Male,Mumbai,2025-01-20,Clothing,5751,2025-06-20,4,3926,0,6801,Card,High,0
1752,25,Male,Hyderabad,2025-01-21,Clothing,5752,2025-06-21,2,1014,14,5151,Card,High,0
1753,21,Male,Chennai,2025-01-22,Sports,5753,2025-06-22,3,3696,27,9911,UPI,Low,0
1754,57,Male,Bangalore,2025-01-23,Electronics,5754,2025-06-23,4,4934,20,3600,Card,High,0
1755,21,Male,Hyderabad,2025-01-24,Sports,5755,2025-06-24,1,3084,9,7175,UPI,Medium,0
1756,42,Female,Bangalore,2025-01-25,Sports,5756,2025-06-25,4,567,6,1666,UPI,Medium,1
1757,20,Female,Hyderabad,2025-01-26,Clothing,5757,2025-06-26,3,2096,1,1283,Card,Medium,1
1758,49,Male,Hyderabad,2025-01-27,Clothing,5758,2025-06-27,1,4978,9,6840,Card,High,0
1759,20,Male,Bangalore,2025-01-28,Electronics,5759,2025-06-28,1,518,23,4565,Card,Medium,1
1760,44,Female,Chennai,2025-01-29,Electronics,5760,2025-06-29,2,3230,3,5593,UPI,Low,1
1761,46,Female,Hyderabad,2025-01-30,Home,5761,2025-06-30,1,4021,11,2465,Cash,High,0
1762,49,Male,Hyderabad,2025-01-31,Sports,5762,2025-07-01,1,1072,18,9321,Card,Medium,0
1763,36,Male,Hyderabad,2025-02-01,Clothing,5763,2025-07-02,4,2758,25,5734,Card,Low,1
1764,38,Male,Chennai,2025-02-02,Electronics,5764,2025-07-03,3,3402,10,7257,Card,Low,1
1765,22,Male,Chennai,2025-02-03,Home,5765,2025-07-04,2,1150,7,8366,UPI,Medium,1
1766,35,Female,Mumbai,2025-02-04,Home,5766,2025-07-05,4,3087,17,4672,UPI,Low,1
1767,45,Male,Bangalore,2025-02-05,Clothing,5767,2025-07-06,1,3762,10,8382,Cash,Medium,0
1768,59,Male,Chennai,2025-02-06,Clothing,5768,2025-07-07,1,1838,10,7587,Card,Low,1
1769,39,Male,Bangalore,2025-02-07,Home,5769,2025-07-08,2,4134,12,1992,UPI,High,0
1770,38,Male,Mumbai,2025-02-08,Electronics,5770,2025-07-09,3,3327,2,7858,Cash,High,0
1771,23,Female,Bangalore,2025-02-09,Home,5771,2025-07-10,2,2717,11,3121,Card,High,1
1772,18,Female,Chennai,2025-02-10,Sports,5772,2025-07-11,4,4039,2,3223,UPI,High,1
1773,22,Female,Bangalore,2025-02-11,Sports,5773,2025-07-12,2,1537,9,5522,Card,High,1
1774,58,Male,Chennai,2025-02-12,Clothing,5774,2025-07-13,1,4883,26,4188,Card,Medium,0
1775,29,Male,Bangalore,2025-02-13,Electronics,5775,2025-07-14,4,4478,16,4237,UPI,High,0
1776,43,Female,Chennai,2025-02-14,Electronics,5776,2025-07-15,1,3461,21,5136,UPI,High,0
1777,51,Male,Chennai,2025-02-15,Sports,5777,2025-07-16,3,3726,1,1343,UPI,High,0
1778,31,Male,Bangalore,2025-02-16,Home,5778,2025-07-17,1,1598,16,5704,Card,High,1
1779,43,Female,Mumbai,2025-02-17,Clothing,5779,2025-07-18,1,2824,15,5823,Card,Low,0
1780,44,Female,Hyderabad,2025-02-18,Home,5780,2025-07-19,2,1439,1,5920,Cash,High,0
1781,26,Female,Mumbai,2025-02-19,Home,5781,2025-07-20,1,4216,27,4201,Card,High,1
1782,43,Female,Bangalore,2025-02-20,Home,5782,2025-07-21,4,3914,21,6471,UPI,Medium,0
1783,39,Male,Mumbai,2025-02-21,Electronics,5783,2025-07-22,4,1948,29,1888,Card,Low,0
1784,47,Male,Chennai,2025-02-22,Sports,5784,2025-07-23,3,1070,19,8127,Cash,Medium,1
1785,34,Female,Hyderabad,2025-02-23,Electronics,5785,2025-07-24,4,3404,5,4720,Cash,High,0
1786,43,Male,Bangalore,2025-02-24,Sports,5786,2025-07-25,2,3005,27,3883,UPI,Medium,0
1787,53,Female,Bangalore,2025-02-25,Clothing,5787,2025-07-26,3,1417,24,5212,UPI,Medium,0
1788,18,Female,Bangalore,2025-02-26,Clothing,5788,2025-07-27,4,2374,28,7961,Cash,High,0
1789,25,Male,Hyderabad,2025-02-27,Home,5789,2025-07-28,2,2178,9,3415,Cash,Low,1
1790,52,Female,Chennai,2025-02-28,Sports,5790,2025-07-29,4,1115,27,4001,Cash,Low,0
1791,32,Male,Bangalore,2025-03-01,Sports,5791,2025-07-30,4,2249,9,2738,UPI,Medium,1
1792,39,Male,Mumbai,2025-03-02,Sports,5792,2025-07-31,1,4325,7,2364,Cash,High,0
1793,31,Male,Bangalore,2025-03-03,Home,5793,2025-08-01,4,4688,0,3708,Cash,Medium,1
1794,43,Male,Bangalore,2025-03-04,Home,5794,2025-08-02,4,2977,12,1924,UPI,Medium,1
1795,45,Female,Bangalore,2025-03-05,Clothing,5795,2025-08-03,2,4005,23,1151,Card,Medium,1
1796,40,Male,Bangalore,2025-03-06,Electronics,5796,2025-08-04,2,3975,8,9777,Card,High,0
1797,31,Female,Chennai,2025-03-07,Sports,5797,2025-08-05,1,1635,21,9044,Cash,High,0
1798,41,Female,Mumbai,2025-03-08,Sports,5798,2025-08-06,4,4500,9,1912,Card,Low,0
1799,19,Female,Chennai,2025-03-09,Electronics,5799,2025-08-07,1,874,14,3321,Card,High,1
1800,43,Female,Mumbai,2025-03-10,Sports,5800,2025-08-08,4,706,4,1495,Card,Medium,0
1801,31,Male,Bangalore,2025-03-11,Home,5801,2025-08-09,3,1819,21,3148,Card,Medium,0
1802,24,Male,Hyderabad,2025-03-12,Home,5802,2025-08-10,3,1641,15,1556,Cash,Low,0
1803,20,Female,Chennai,2025-03-13,Sports,5803,2025-08-11,1,3190,12,2552,Card,High,0
1804,40,Female,Hyderabad,2025-03-14,Home,5804,2025-08-12,1,3755,21,3120,Card,Medium,1
1805,35,Male,Chennai,2025-03-15,Home,5805,2025-08-13,1,589,24,4085,UPI,Low,1
1806,55,Female,Bangalore,2025-03-16,Sports,5806,2025-08-14,2,4608,19,4504,Cash,Low,0
1807,52,Male,Chennai,2025-03-17,Clothing,5807,2025-08-15,2,3520,17,1156,UPI,Medium,0
1808,32,Female,Bangalore,2025-03-18,Electronics,5808,2025-08-16,2,2357,10,9926,UPI,Medium,0
1809,42,Male,Chennai,2025-03-19,Home,5809,2025-08-17,1,1304,26,8505,Cash,High,1
1810,54,Female,Bangalore,2025-03-20,Clothing,5810,2025-08-18,4,1444,8,8162,Card,Low,0
1811,45,Female,Bangalore,2025-03-21,Home,5811,2025-08-19,3,3289,15,6523,UPI,Medium,1
1812,27,Male,Mumbai,2025-03-22,Home,5812,2025-08-20,1,4375,1,8543,Cash,Low,1
1813,56,Female,Bangalore,2025-03-23,Electronics,5813,2025-08-21,2,2110,25,9055,Card,High,0
1814,34,Female,Mumbai,2025-03-24,Home,5814,2025-08-22,2,3423,24,5654,Cash,Medium,0
1815,56,Male,Bangalore,2025-03-25,Electronics,5815,2025-08-23,1,4382,1,7250,UPI,High,0
1816,39,Female,Hyderabad,2025-03-26,Electronics,5816,2025-08-24,1,3721,11,8246,Card,Low,1
1817,43,Male,Bangalore,2025-03-27,Electronics,5817,2025-08-25,2,4891,7,1154,Card,High,1
1818,42,Male,Hyderabad,2025-03-28,Clothing,5818,2025-08-26,4,2887,8,8950,Cash,High,0
1819,34,Female,Hyderabad,2025-03-29,Sports,5819,2025-08-27,2,1441,11,1996,Card,Low,1
1820,30,Female,Bangalore,2025-03-30,Clothing,5820,2025-08-28,2,3066,25,5626,UPI,High,0
1821,37,Female,Hyderabad,2025-03-31,Sports,5821,2025-08-29,1,1475,8,3905,UPI,Low,0
1822,42,Female,Mumbai,2025-04-01,Sports,5822,2025-08-30,4,1454,9,1153,UPI,Medium,1
1823,21,Female,Chennai,2025-04-02,Electronics,5823,2025-08-31,2,1762,24,8853,Cash,Low,1
1824,27,Female,Bangalore,2025-04-03,Home,5824,2025-09-01,2,1443,1,7481,Card,Low,1
1825,20,Female,Hyderabad,2025-04-04,Electronics,5825,2025-09-02,3,2702,15,6599,Card,Medium,1
1826,58,Male,Bangalore,2025-04-05,Home,5826,2025-09-03,1,3827,19,2716,Card,Low,0
1827,35,Female,Mumbai,2025-04-06,Sports,5827,2025-09-04,3,4774,6,1786,UPI,Medium,0
1828,53,Male,Bangalore,2025-04-07,Electronics,5828,2025-09-05,3,2759,27,5368,Card,Medium,0
1829,39,Female,Bangalore,2025-04-08,Home,5829,2025-09-06,2,2328,1,9096,UPI,Low,1
1830,51,Female,Hyderabad,2025-04-09,Clothing,5830,2025-09-07,1,1757,0,5272,Card,High,0
1831,25,Male,Mumbai,2025-04-10,Home,5831,2025-09-08,4,964,18,4767,UPI,High,1
1832,57,Female,Chennai,2025-04-11,Electronics,5832,2025-09-09,2,3794,27,9834,Card,Medium,1
1833,36,Female,Chennai,2025-04-12,Clothing,5833,2025-09-10,4,1730,3,6994,Cash,High,1
1834,59,Male,Hyderabad,2025-04-13,Home,5834,2025-09-11,4,3154,23,8216,Cash,High,0
1835,58,Female,Bangalore,2025-04-14,Home,5835,2025-09-12,1,1384,21,9857,UPI,Low,1
1836,54,Female,Hyderabad,2025-04-15,Home,5836,2025-09-13,3,4305,26,4426,UPI,Medium,1
1837,23,Female,Hyderabad,2025-04-16,Home,5837,2025-09-14,1,4356,1,4783,Card,Medium,1
1838,43,Male,Hyderabad,2025-04-17,Home,5838,2025-09-15,4,3635,24,6427,Card,Low,1
1839,51,Female,Bangalore,2025-04-18,Clothing,5839,2025-09-16,2,1424,13,8011,Cash,High,1
1840,23,Female,Mumbai,2025-04-19,Sports,5840,2025-09-17,4,2046,1,9052,Card,Medium,1
1841,54,Female,Hyderabad,2025-04-20,Clothing,5841,2025-09-18,2,1594,28,4701,UPI,High,1
1842,50,Female,Bangalore,2025-04-21,Clothing,5842,2025-09-19,2,2911,14,3349,UPI,Medium,1
1843,39,Male,Mumbai,2025-04-22,Clothing,5843,2025-09-20,1,3117,11,8011,UPI,Medium,1
1844,38,Male,Hyderabad,2025-04-23,Sports,5844,2025-09-21,4,1262,4,8055,UPI,Medium,1
1845,23,Female,Chennai,2025-04-24,Electronics,5845,2025-09-22,3,2823,27,2212,UPI,Medium,1
1846,23,Female,Mumbai,2025-04-25,Sports,5846,2025-09-23,4,4645,19,7965,Cash,High,1
1847,21,Male,Hyderabad,2025-04-26,Clothing,5847,2025-09-24,4,3275,28,7704,Cash,High,0
1848,47,Male,Mumbai,2025-04-27,Home,5848,2025-09-25,3,3655,6,8433,UPI,High,0
1849,28,Female,Mumbai,2025-04-28,Home,5849,2025-09-26,1,4470,23,3511,Card,High,1
1850,47,Male,Mumbai,2025-04-29,Clothing,5850,2025-09-27,4,2540,20,1143,UPI,Low,1
1851,48,Female,Mumbai,2025-04-30,Home,5851,2025-09-28,4,1083,9,8367,Cash,Medium,1
1852,41,Male,Mumbai,2025-05-01,Clothing,5852,2025-09-29,2,4831,13,4228,UPI,Medium,0
1853,26,Male,Mumbai,2025-05-02,Home,5853,2025-09-30,4,2603,13,5582,Cash,Medium,0
1854,20,Male,Hyderabad,2025-05-03,Sports,5854,2025-10-01,3,2442,4,7031,Cash,Low,0
1855,48,Male,Chennai,2025-05-04,Electronics,5855,2025-10-02,2,4955,17,5243,UPI,High,1
1856,57,Female,Bangalore,2025-05-05,Electronics,5856,2025-10-03,1,609,23,3713,UPI,Medium,1
1857,54,Male,Mumbai,2025-05-06,Sports,5857,2025-10-04,2,691,13,5185,Card,High,1
1858,53,Male,Bangalore,2025-05-07,Sports,5858,2025-10-05,3,1403,1,8328,Cash,High,1
1859,41,Female,Hyderabad,2025-05-08,Clothing,5859,2025-10-06,3,1361,25,5633,Card,Low,0
1860,48,Male,Mumbai,2025-05-09,Clothing,5860,2025-10-07,2,1583,11,4192,UPI,Low,1
1861,23,Male,Chennai,2025-05-10,Clothing,5861,2025-10-08,1,1149,21,1300,Cash,High,0
1862,19,Female,Bangalore,2025-05-11,Home,5862,2025-10-09,2,4634,23,1723,Card,Medium,0
1863,37,Male,Mumbai,2025-05-12,Clothing,5863,2025-10-10,1,4111,5,6694,Card,Medium,1
1864,45,Female,Hyderabad,2025-05-13,Sports,5864,2025-10-11,2,1136,3,4010,Card,Low,0
1865,28,Female,Chennai,2025-05-14,Electronics,5865,2025-10-12,3,1536,12,6555,UPI,Low,0
1866,21,Female,Bangalore,2025-05-15,Home,5866,2025-10-13,4,4631,3,1067,UPI,Low,0
1867,32,Female,Bangalore,2025-05-16,Clothing,5867,2025-10-14,4,2648,21,3506,UPI,Low,0
1868,23,Male,Mumbai,2025-05-17,Home,5868,2025-10-15,1,4365,13,2537,Cash,Low,1
1869,47,Female,Chennai,2025-05-18,Home,5869,2025-10-16,1,3657,15,1397,UPI,Low,1
1870,55,Male,Chennai,2025-05-19,Clothing,5870,2025-10-17,1,4087,28,6680,Cash,Low,0
1871,19,Male,Chennai,2025-05-20,Home,5871,2025-10-18,3,3794,3,5825,Card,Medium,1
1872,32,Male,Chennai,2025-05-21,Electronics,5872,2025-10-19,2,4761,23,9747,Card,Low,0
1873,28,Male,Hyderabad,2025-05-22,Sports,5873,2025-10-20,3,2930,24,7048,UPI,Low,1
1874,25,Male,Chennai,2025-05-23,Sports,5874,2025-10-21,4,2379,0,4661,Card,Medium,1
1875,43,Male,Bangalore,2025-05-24,Electronics,5875,2025-10-22,1,4466,12,3941,UPI,Medium,1
1876,22,Male,Bangalore,2025-05-25,Home,5876,2025-10-23,2,4213,3,8067,Cash,High,1
1877,23,Male,Hyderabad,2025-05-26,Clothing,5877,2025-10-24,4,4626,19,6091,Card,Low,1
1878,43,Male,Bangalore,2025-05-27,Home,5878,2025-10-25,4,4606,17,2601,UPI,Low,0
1879,21,Male,Bangalore,2025-05-28,Electronics,5879,2025-10-26,4,2511,5,2480,Card,Low,1
1880,36,Female,Chennai,2025-05-29,Home,5880,2025-10-27,3,3873,2,7230,Card,Low,0
1881,37,Female,Bangalore,2025-05-30,Sports,5881,2025-10-28,1,2643,22,4276,UPI,High,0
1882,50,Female,Hyderabad,2025-05-31,Home,5882,2025-10-29,4,3000,12,7447,Card,Medium,1
1883,37,Male,Chennai,2025-06-01,Electronics,5883,2025-10-30,1,1789,26,6499,Card,Medium,0
1884,29,Female,Mumbai,2025-06-02,Sports,5884,2025-10-31,3,1947,15,7273,Card,Low,1
1885,18,Female,Chennai,2025-06-03,Home,5885,2025-11-01,4,3699,26,2299,Card,Low,0
1886,43,Female,Hyderabad,2025-06-04,Home,5886,2025-11-02,3,2443,4,6818,Cash,Low,0
1887,31,Male,Chennai,2025-06-05,Sports,5887,2025-11-03,3,3683,3,7701,Card,High,1
1888,55,Male,Chennai,2025-06-06,Clothing,5888,2025-11-04,1,3716,20,5994,Card,High,1
1889,54,Male,Hyderabad,2025-06-07,Sports,5889,2025-11-05,4,3636,7,8489,UPI,Medium,1
1890,28,Male,Chennai,2025-06-08,Clothing,5890,2025-11-06,3,3818,18,9269,Cash,Low,1
1891,53,Female,Hyderabad,2025-06-09,Electronics,5891,2025-11-07,4,3282,13,3831,UPI,Low,0
1892,30,Female,Hyderabad,2025-06-10,Electronics,5892,2025-11-08,1,1490,6,3721,UPI,Low,1
1893,20,Female,Mumbai,2025-06-11,Sports,5893,2025-11-09,3,2653,13,2532,UPI,Low,0
1894,50,Female,Bangalore,2025-06-12,Sports,5894,2025-11-10,1,725,5,9429,Cash,High,0
1895,23,Male,Bangalore,2025-06-13,Electronics,5895,2025-11-11,4,1276,11,6253,UPI,Medium,0
1896,27,Male,Chennai,2025-06-14,Clothing,5896,2025-11-12,4,3337,15,2996,UPI,Medium,0
1897,22,Male,Chennai,2025-06-15,Electronics,5897,2025-11-13,1,1187,16,6311,UPI,High,0
1898,40,Female,Mumbai,2025-06-16,Sports,5898,2025-11-14,2,1029,12,1277,Card,Low,0
1899,27,Male,Mumbai,2025-06-17,Electronics,5899,2025-11-15,3,3942,22,4089,UPI,Medium,1
1900,19,Male,Mumbai,2025-06-18,Sports,5900,2025-11-16,4,2653,13,1523,Cash,Medium,0
1901,30,Female,Hyderabad,2025-06-19,Sports,5901,2025-11-17,4,1794,28,5275,Cash,High,0
1902,57,Female,Mumbai,2025-06-20,Electronics,5902,2025-11-18,3,2026,6,6365,Card,Low,0
1903,19,Male,Mumbai,2025-06-21,Clothing,5903,2025-11-19,1,3396,13,4122,Cash,Medium,1
1904,37,Male,Chennai,2025-06-22,Home,5904,2025-11-20,1,3603,14,9167,Cash,Low,1
1905,18,Male,Mumbai,2025-06-23,Electronics,5905,2025-11-21,1,2940,11,6190,Card,Medium,0
1906,54,Male,Hyderabad,2025-06-24,Home,5906,2025-11-22,2,4635,16,5575,UPI,High,1
1907,26,Male,Hyderabad,2025-06-25,Electronics,5907,2025-11-23,2,4302,8,8727,Card,Low,0
1908,34,Male,Chennai,2025-06-26,Home,5908,2025-11-24,4,1344,21,2797,UPI,High,1
1909,26,Female,Mumbai,2025-06-27,Clothing,5909,2025-11-25,1,946,14,3131,UPI,Medium,0
1910,28,Female,Mumbai,2025-06-28,Clothing,5910,2025-11-26,3,4415,11,8322,Cash,High,1
1911,32,Female,Hyderabad,2025-06-29,Electronics,5911,2025-11-27,4,3609,1,7500,Card,High,1
1912,41,Male,Mumbai,2025-06-30,Sports,5912,2025-11-28,3,1734,4,1815,Cash,High,1
1913,55,Female,Mumbai,2025-07-01,Home,5913,2025-11-29,4,726,12,9634,Cash,Medium,0
1914,52,Male,Mumbai,2025-07-02,Sports,5914,2025-11-30,2,4643,26,7666,UPI,Low,0
1915,47,Male,Bangalore,2025-07-03,Sports,5915,2025-12-01,4,3459,19,1142,Cash,High,0
1916,48,Female,Chennai,2025-07-04,Sports,5916,2025-12-02,2,2330,22,2410,Card,Low,1
1917,22,Male,Bangalore,2025-07-05,Clothing,5917,2025-12-03,4,4279,7,1534,Cash,Medium,1
1918,31,Male,Chennai,2025-07-06,Electronics,5918,2025-12-04,1,686,26,4364,Cash,Low,0
1919,28,Female,Hyderabad,2025-07-07,Electronics,5919,2025-12-05,3,3377,13,2032,UPI,High,1
1920,26,Female,Mumbai,2025-07-08,Clothing,5920,2025-12-06,1,3035,14,4342,Card,High,0
1921,51,Female,Chennai,2025-07-09,Clothing,5921,2025-12-07,4,2432,10,7085,Cash,High,0
1922,29,Male,Bangalore,2025-07-10,Electronics,5922,2025-12-08,4,3424,0,5500,UPI,High,0
1923,52,Female,Mumbai,2025-07-11,Sports,5923,2025-12-09,4,1348,20,2172,Cash,High,0
1924,52,Female,Hyderabad,2025-07-12,Home,5924,2025-12-10,2,2532,2,5517,Card,High,1
1925,18,Male,Chennai,2025-07-13,Home,5925,2025-12-11,3,1752,16,9007,Cash,Medium,1
1926,57,Female,Chennai,2025-07-14,Home,5926,2025-12-12,3,2381,27,2641,Cash,Medium,1
1927,39,Female,Chennai,2025-07-15,Sports,5927,2025-12-13,4,769,18,1471,UPI,Medium,0
1928,46,Female,Mumbai,2025-07-16,Electronics,5928,2025-12-14,4,2130,13,3940,Cash,Low,1
1929,25,Male,Bangalore,2025-07-17,Clothing,5929,2025-12-15,2,4905,21,9738,UPI,Low,0
1930,28,Male,Bangalore,2025-07-18,Electronics,5930,2025-12-16,1,3703,29,5726,Card,Medium,0
1931,58,Male,Chennai,2025-07-19,Sports,5931,2025-12-17,1,2074,22,8670,Cash,Low,0
1932,54,Male,Hyderabad,2025-07-20,Clothing,5932,2025-12-18,3,3392,7,4723,Card,Low,0
1933,31,Female,Hyderabad,2025-07-21,Sports,5933,2025-12-19,2,2195,12,1363,Card,High,0
1934,47,Male,Bangalore,2025-07-22,Home,5934,2025-12-20,4,3758,26,4309,Cash,High,0
1935,52,Male,Hyderabad,2025-07-23,Home,5935,2025-12-21,3,3762,19,1545,UPI,Low,1
1936,38,Female,Bangalore,2025-07-24,Sports,5936,2025-12-22,2,1945,2,4240,Card,Low,1
1937,54,Female,Chennai,2025-07-25,Clothing,5937,2025-12-23,1,719,4,7665,Card,Medium,1
1938,22,Female,Bangalore,2025-07-26,Clothing,5938,2025-12-24,2,552,8,2936,Cash,Low,1
1939,36,Male,Bangalore,2025-07-27,Electronics,5939,2025-12-25,1,2257,28,1882,Cash,High,0
1940,31,Male,Chennai,2025-07-28,Home,5940,2025-12-26,2,2166,5,4840,Cash,Low,0
1941,43,Male,Hyderabad,2025-07-29,Electronics,5941,2025-12-27,3,3285,24,7923,Cash,Medium,1
1942,21,Female,Bangalore,2025-07-30,Electronics,5942,2025-12-28,1,1219,21,5611,Cash,High,1
1943,42,Female,Bangalore,2025-07-31,Sports,5943,2025-12-29,3,905,1,6204,Cash,High,1
1944,59,Male,Chennai,2025-08-01,Sports,5944,2025-12-30,3,2794,12,8288,UPI,High,1
1945,42,Female,Hyderabad,2025-08-02,Electronics,5945,2025-12-31,1,571,4,4203,Card,High,1
1946,35,Female,Bangalore,2025-08-03,Home,5946,2026-01-01,1,2553,27,3244,UPI,Low,1
1947,57,Female,Chennai,2025-08-04,Sports,5947,2026-01-02,4,1729,26,1018,UPI,Medium,1
1948,25,Male,Bangalore,2025-08-05,Electronics,5948,2026-01-03,4,2067,24,1641,Cash,Low,1
1949,56,Female,Mumbai,2025-08-06,Electronics,5949,2026-01-04,4,4182,7,4083,Card,Low,0
1950,57,Female,Chennai,2025-08-07,Electronics,5950,2026-01-05,3,3453,22,6200,UPI,High,0
1951,31,Male,Hyderabad,2025-08-08,Electronics,5951,2026-01-06,3,4982,0,9521,Cash,Medium,0
1952,49,Male,Hyderabad,2025-08-09,Electronics,5952,2026-01-07,4,1198,19,1865,Cash,High,0
1953,55,Female,Hyderabad,2025-08-10,Electronics,5953,2026-01-08,3,1326,11,1773,Card,Low,1
1954,50,Female,Hyderabad,2025-08-11,Sports,5954,2026-01-09,3,848,22,5732,UPI,Low,0
1955,40,Male,Bangalore,2025-08-12,Home,5955,2026-01-10,1,4408,10,4518,UPI,High,1
1956,32,Male,Bangalore,2025-08-13,Electronics,5956,2026-01-11,1,807,6,7795,UPI,Low,0
1957,50,Female,Hyderabad,2025-08-14,Clothing,5957,2026-01-12,3,3916,14,7984,Cash,Low,1
1958,42,Female,Hyderabad,2025-08-15,Sports,5958,2026-01-13,4,2834,21,3567,Card,High,1
1959,34,Female,Hyderabad,2025-08-16,Sports,5959,2026-01-14,2,3309,23,2674,Card,Low,0
1960,50,Female,Bangalore,2025-08-17,Electronics,5960,2026-01-15,4,4058,10,1739,UPI,Medium,0
1961,19,Male,Hyderabad,2025-08-18,Sports,5961,2026-01-16,2,4978,28,2545,Cash,High,1
1962,31,Female,Hyderabad,2025-08-19,Electronics,5962,2026-01-17,4,3977,21,6127,UPI,Medium,1
1963,57,Female,Mumbai,2025-08-20,Home,5963,2026-01-18,1,3186,25,7947,Card,Low,1
1964,57,Male,Mumbai,2025-08-21,Home,5964,2026-01-19,3,3485,15,7620,Cash,Low,0
1965,56,Female,Hyderabad,2025-08-22,Sports,5965,2026-01-20,3,775,2,5555,UPI,High,0
1966,23,Male,Chennai,2025-08-23,Sports,5966,2026-01-21,1,3047,19,6645,UPI,Low,1
1967,23,Female,Hyderabad,2025-08-24,Clothing,5967,2026-01-22,2,3264,13,9943,Cash,High,0
1968,20,Female,Mumbai,2025-08-25,Sports,5968,2026-01-23,2,836,2,8124,Card,High,1
1969,24,Male,Chennai,2025-08-26,Clothing,5969,2026-01-24,2,2473,0,4732,Cash,High,0
1970,25,Male,Chennai,2025-08-27,Home,5970,2026-01-25,1,3479,25,3283,UPI,High,0
1971,59,Female,Hyderabad,2025-08-28,Home,5971,2026-01-26,2,4468,20,9669,UPI,High,0
1972,32,Female,Mumbai,2025-08-29,Electronics,5972,2026-01-27,1,1410,14,7998,UPI,Medium,0
1973,46,Female,Mumbai,2025-08-30,Home,5973,2026-01-28,4,2496,0,6413,UPI,High,0
1974,50,Male,Chennai,2025-08-31,Clothing,5974,2026-01-29,4,3629,16,2269,Card,Medium,1
1975,47,Female,Hyderabad,2025-09-01,Sports,5975,2026-01-30,1,4704,1,8868,Card,Low,1
1976,56,Male,Bangalore,2025-09-02,Electronics,5976,2026-01-31,3,4257,28,3603,UPI,High,0
1977,44,Male,Bangalore,2025-09-03,Clothing,5977,2026-02-01,4,827,19,6961,Card,Low,1
1978,53,Female,Mumbai,2025-09-04,Sports,5978,2026-02-02,2,2299,5,9569,Card,High,1
1979,46,Male,Bangalore,2025-09-05,Electronics,5979,2026-02-03,1,814,7,8557,Card,Medium,0
1980,55,Female,Mumbai,2025-09-06,Home,5980,2026-02-04,2,4045,28,2680,UPI,Medium,1
1981,50,Female,Mumbai,2025-09-07,Clothing,5981,2026-02-05,2,1634,15,9433,Cash,Medium,0
1982,54,Female,Mumbai,2025-09-08,Sports,5982,2026-02-06,3,3246,18,6682,Cash,Low,1
1983,44,Female,Bangalore,2025-09-09,Electronics,5983,2026-02-07,2,2020,0,9084,Cash,High,1
1984,50,Female,Mumbai,2025-09-10,Electronics,5984,2026-02-08,3,655,2,6367,UPI,Low,1
1985,21,Male,Chennai,2025-09-11,Home,5985,2026-02-09,4,2224,27,1069,Card,Medium,1
1986,39,Male,Hyderabad,2025-09-12,Sports,5986,2026-02-10,1,3843,2,4924,Card,Low,1
1987,19,Female,Hyderabad,2025-09-13,Home,5987,2026-02-11,2,1386,4,7200,UPI,Medium,1
1988,27,Female,Mumbai,2025-09-14,Home,5988,2026-02-12,1,3573,26,3007,UPI,Medium,1
1989,22,Male,Hyderabad,2025-09-15,Sports,5989,2026-02-13,2,3305,11,9992,Cash,Medium,0
1990,27,Male,Bangalore,2025-09-16,Sports,5990,2026-02-14,1,1221,11,9119,Cash,High,0
1991,50,Male,Bangalore,2025-09-17,Sports,5991,2026-02-15,2,1412,19,3779,UPI,High,0
1992,55,Male,Hyderabad,2025-09-18,Clothing,5992,2026-02-16,2,3857,12,5920,Cash,Medium,0
1993,30,Female,Bangalore,2025-09-19,Sports,5993,2026-02-17,2,1370,19,1755,Card,Low,1
1994,48,Female,Hyderabad,2025-09-20,Electronics,5994,2026-02-18,2,4608,8,7495,UPI,Low,1
1995,53,Male,Hyderabad,2025-09-21,Home,5995,2026-02-19,2,997,6,6935,UPI,High,1
1996,41,Female,Hyderabad,2025-09-22,Clothing,5996,2026-02-20,2,2256,3,3330,Card,Medium,0
1997,32,Male,Mumbai,2025-09-23,Sports,5997,2026-02-21,2,1617,18,6705,Card,Low,0
1998,46,Female,Hyderabad,2025-09-24,Clothing,5998,2026-02-22,2,3909,21,9301,Card,Medium,0
1999,25,Male,Mumbai,2025-09-25,Sports,5999,2026-02-23,2,3328,18,2016,Cash,Low,1
2000,22,Female,Hyderabad,2025-09-26,Clothing,6000,2026-02-24,1,2147,5,8347,UPI,High,0
